player,player_season_group,market_value_eur,age,season_start_year,matches_played,minutes_played,minutes_per_match,average_rating,pass_accuracy_percent,long_ball_accuracy_percent,cross_accuracy_percent,goal_contributions_per90,shot_accuracy,goals_per_shot,goals_per90,assists_per90,total_shots_per90,shots_on_target_per90,big_chances_missed_per90,key_passes_per90,big_chances_created_per90,successful_dribbles_per90,accurate_passes_per90,accurate_long_balls_per90,accurate_crosses_per90,clearances_per90,yellow_cards_per90,red_cards_per90,errors_leading_to_goal_per90,dribbled_past_per90,tackles_per90,interceptions_per90,blocked_shots_per90,aerial_duels_won_per90,nationality,position,league,competition_category
Abdoulaye Doucoure,Abdoulaye Doucoure__18/19,25000000,25,2018,35,3062,87.48571428571428,6.81,83.4,54.1,18.2,0.3233180927498367,0.3269230769230769,0.09615384615384616,0.14696276943174397,0.17635532331809275,1.528412802090137,0.4996734160679295,0.14696276943174397,1.116917047681254,0.23514043109079033,0.9405617243631613,47.586544741998694,1.7341606792945787,0.05878510777269758,0.14696276943174397,0.20574787720444154,0.0,0.02939255388634879,1.1757021554539517,2.086871325930764,0.999346832135859,0.558458523840627,1.2050947093403004,MLI,Midfielder,Premier League,Domestic leagues
Abdoulaye Doucoure,Abdoulaye Doucoure__17/18,6000000,24,2017,37,3325,89.86486486486487,7.02,83.6,59.2,23.1,0.2706766917293233,0.3617021276595745,0.14893617021276595,0.18947368421052632,0.081203007518797,1.2721804511278196,0.46015037593984964,0.02706766917293233,1.0827067669172932,0.02706766917293233,1.1097744360902255,50.80601503759399,2.2736842105263158,0.162406015037594,0.24360902255639097,0.2706766917293233,0.0,0.0,1.4075187969924812,2.138345864661654,1.4616541353383459,0.2706766917293233,1.1639097744360902,MLI,Midfielder,Premier League,Domestic leagues
Abdoulaye Doucoure,Abdoulaye Doucoure__16/17,6000000,23,2016,20,1359,67.95,6.76,87.0,54.5,20.0,0.06622516556291391,0.36363636363636365,0.045454545454545456,0.06622516556291391,0.0,1.4569536423841059,0.5298013245033113,0.06622516556291391,0.7947019867549668,0.0,0.9271523178807947,48.01324503311258,1.5894039735099337,0.06622516556291391,0.26490066225165565,0.26490066225165565,0.0,0.0,1.4569536423841059,1.1258278145695364,1.390728476821192,0.46357615894039733,0.9271523178807947,MLI,Midfielder,Premier League,Domestic leagues
Abdoulaye Doucoure,Abdoulaye Doucoure__15/16,6000000,22,2015,15,1156,77.06666666666666,6.81,83.9,69.8,,0.15570934256055363,0.0,0.0,0.0,0.15570934256055363,0.7785467128027682,0.0,0.07785467128027682,0.856401384083045,0.07785467128027682,0.4671280276816609,36.43598615916955,2.8806228373702423,0.0,0.23356401384083045,0.3892733564013841,0.0,0.0,0.6228373702422145,2.413494809688581,2.413494809688581,0.3892733564013841,1.0899653979238755,MLI,Midfielder,LaLiga,Domestic leagues
Abdoulaye Doucoure,Abdoulaye Doucoure__15/16,6000000,22,2015,16,944,59.0,6.93,86.4,47.8,20.0,0.3813559322033898,0.4,0.1,0.1906779661016949,0.1906779661016949,1.9067796610169492,0.7627118644067796,0.1906779661016949,2.0021186440677967,0.1906779661016949,1.048728813559322,46.62076271186441,1.048728813559322,0.09533898305084745,0.1906779661016949,0.09533898305084745,0.0,0.0,1.1440677966101696,1.9067796610169492,1.3347457627118644,0.2860169491525424,0.9533898305084746,MLI,Midfielder,Ligue 1,Domestic leagues
Abdul Fatawu Issahaku,Abdul Fatawu Issahaku__24/25,13000000,20,2024,11,577,52.45454545454545,7.06,68.4,55.0,20.0,0.3119584055459272,0.38461538461538464,0.0,0.0,0.3119584055459272,2.027729636048527,0.779896013864818,0.1559792027729636,0.9358752166377816,0.3119584055459272,4.523396880415945,16.84575389948007,1.7157712305025996,0.9358752166377816,0.0,0.0,0.0,0.0,1.2478336221837087,3.2755632582322356,0.6239168110918544,0.3119584055459272,2.1837088388214903,GHA,Midfielder,Premier League,Domestic leagues
Abdul Fatawu Issahaku,Abdul Fatawu Issahaku__23/24,7000000,19,2023,40,2828,70.7,7.52,79.9,60.4,28.7,0.6046676096181046,0.2,0.08,0.19094766619519093,0.41371994342291374,2.386845827439887,0.47736916548797736,0.0,2.1322489391796324,1.0183875530410185,2.8642149929278644,25.84158415841584,1.9413012729844412,1.3048090523338047,0.09547383309759547,0.19094766619519093,0.03182461103253183,0.0,0.7637906647807637,1.9413012729844412,0.6364922206506365,0.5728429985855729,1.5275813295615275,GHA,Midfielder,Championship,Domestic leagues
Abdul Fatawu Issahaku,Abdul Fatawu Issahaku__22/23,3000000,18,2022,6,112,18.666666666666668,6.46,65.2,,10.0,0.0,0.25,0.0,0.0,0.0,3.2142857142857144,0.8035714285714286,0.8035714285714286,0.8035714285714286,0.0,4.821428571428571,24.107142857142858,0.0,0.8035714285714286,0.0,1.6071428571428572,0.0,0.0,3.2142857142857144,0.8035714285714286,1.6071428571428572,0.8035714285714286,1.6071428571428572,GHA,Midfielder,Liga Portugal Betclic,Domestic leagues
Abdul Fatawu Issahaku,Abdul Fatawu Issahaku__22/23,500000,18,2022,1,34,34.0,6.8,85.7,100.0,,0.0,0.0,0.0,0.0,0.0,2.6470588235294117,0.0,0.0,0.0,0.0,0.0,15.882352941176471,2.6470588235294117,,0.0,0.0,0.0,0.0,0.0,5.294117647058823,0.0,0.0,5.294117647058823,GHA,Midfielder,Taça da Liga,Domestic leagues
Abdul Fatawu Issahaku,Abdul Fatawu Issahaku__22/23,7000000,18,2022,1,1,1.0,,1.0,0.0,0.0,0.0,,,0.0,0.0,,,0.0,0.0,0.0,0.0,90.0,0.0,0.0,0.0,0.0,0.0,0.0,90.0,0.0,0.0,,,GHA,Midfielder,UEFA Europa League,International competitions
Abdul Fatawu Issahaku,Abdul Fatawu Issahaku__22/23,7000000,18,2022,1,90,90.0,10.0,86.4,100.0,,3.0,0.375,0.375,3.0,0.0,8.0,3.0,0.0,4.0,1.0,7.0,19.0,3.0,,0.0,0.0,0.0,0.0,0.0,2.0,0.0,1.0,,GHA,Midfielder,UEFA Youth League,International competitions
Abdul Fatawu Issahaku,Abdul Fatawu Issahaku__22/23,7000000,18,2022,2,87,43.5,6.7,80.0,100.0,,0.0,0.5,0.0,0.0,0.0,2.0689655172413794,1.0344827586206897,0.0,0.0,0.0,1.0344827586206897,16.551724137931036,1.0344827586206897,0.0,0.0,0.0,0.0,0.0,0.0,4.137931034482759,0.0,0.0,1.0344827586206897,GHA,Midfielder,UEFA Champions League,International competitions
Alex Iwobi,Alex Iwobi__21/22,18000000,25,2021,28,2045,73.03571428571429,6.74,79.6,48.3,34.4,0.17603911980440098,0.25,0.08333333333333333,0.08801955990220049,0.08801955990220049,1.0562347188264058,0.26405867970660146,0.13202933985330073,1.628361858190709,0.13202933985330073,1.4083129584352079,24.381418092909534,1.276283618581907,0.4841075794621027,0.2200488997555012,0.044009779951100246,0.0,0.0,1.3643031784841075,1.7603911980440097,0.8801955990220048,0.3960880195599022,0.3960880195599022,NGR,Midfielder,Premier League,Domestic leagues
Alex Iwobi,Alex Iwobi__20/21,22000000,24,2020,30,1557,51.9,6.74,83.0,51.0,14.5,0.17341040462427745,0.2,0.06666666666666667,0.057803468208092484,0.11560693641618497,0.8670520231213873,0.17341040462427745,0.057803468208092484,0.9826589595375722,0.17341040462427745,2.601156069364162,28.55491329479769,1.4450867052023122,0.5780346820809249,0.057803468208092484,0.0,0.0,0.0,0.6936416184971098,1.560693641618497,0.9248554913294798,0.4624277456647399,0.17341040462427745,NGR,Midfielder,Premier League,Domestic leagues
Alex Iwobi,Alex Iwobi__19/20,25500000,23,2019,25,1601,64.04,6.75,79.7,57.1,25.0,0.056214865708931916,0.43478260869565216,0.043478260869565216,0.056214865708931916,0.0,1.2929419113054341,0.5621486570893192,0.16864459712679575,1.349156777014366,0.11242973141786383,1.7988757026858213,24.95940037476577,1.5740162398500936,0.674578388507183,0.0,0.0,0.0,0.056214865708931916,1.1805121798875702,1.4053716427232978,0.7870081199250468,0.2810743285446596,0.4497189256714553,NGR,Midfielder,Premier League,Domestic leagues
Alex Iwobi,Alex Iwobi__18/19,25000000,22,2018,35,1972,56.34285714285714,6.76,77.8,48.2,21.1,0.4107505070993915,0.4,0.08571428571428572,0.13691683569979715,0.2738336713995943,1.5973630831643002,0.6389452332657201,0.13691683569979715,1.8711967545638946,0.4563894523326572,2.099391480730223,33.77281947261663,1.2322515212981744,0.5476673427991886,0.04563894523326572,0.0,0.0,0.04563894523326572,0.8671399594320487,1.2778904665314401,0.5476673427991886,0.5020283975659229,0.18255578093306288,NGR,Midfielder,Premier League,Domestic leagues
Alex Iwobi,Alex Iwobi__17/18,10000000,21,2017,26,1843,70.88461538461539,7.1,86.6,59.6,15.0,0.3906673901247965,0.5111111111111111,0.06666666666666667,0.14650027129679868,0.24416711882799783,2.1975040694519805,1.12316874660879,0.09766684753119913,1.8556701030927836,0.29300054259359737,1.7580032555615843,48.100922409115576,1.3673358654367878,0.14650027129679868,0.048833423765599564,0.048833423765599564,0.0,0.0,0.6348345089527944,0.9278350515463918,0.34183396635919694,0.5371676614215952,0.14650027129679868,NGR,Midfielder,Premier League,Domestic leagues
Alex Iwobi,Alex Iwobi__16/17,10000000,20,2016,26,1462,56.23076923076923,6.96,87.6,57.6,22.2,0.3693570451436389,0.28205128205128205,0.07692307692307693,0.18467852257181944,0.18467852257181944,2.4008207934336525,0.6771545827633378,0.12311901504787962,1.6621067031463748,0.12311901504787962,1.7236662106703147,48.32421340629275,1.1696306429548564,0.24623803009575923,0.06155950752393981,0.06155950752393981,0.0,0.0,0.6771545827633378,1.1696306429548564,0.49247606019151846,1.0465116279069768,0.24623803009575923,NGR,Midfielder,Premier League,Domestic leagues
Alex Iwobi,Alex Iwobi__15/16,1000000,19,2015,13,632,48.61538461538461,7.0,85.6,50.0,,0.569620253164557,0.4666666666666667,0.13333333333333333,0.2848101265822785,0.2848101265822785,2.1360759493670884,0.9968354430379747,0.0,1.7088607594936709,0.4272151898734177,2.278481012658228,44.857594936708864,0.8544303797468354,0.0,0.0,0.0,0.0,0.0,0.4272151898734177,1.139240506329114,0.4272151898734177,0.2848101265822785,0.14240506329113925,NGR,Midfielder,Premier League,Domestic leagues
Alex Iwobi,Alex Iwobi__18/19,25000000,22,2018,11,556,50.54545454545455,7.01,81.2,78.6,26.7,0.6474820143884892,0.38461538461538464,0.15384615384615385,0.3237410071942446,0.3237410071942446,2.1043165467625897,0.8093525179856115,0.0,2.7517985611510793,0.6474820143884892,2.9136690647482015,38.36330935251799,1.7805755395683454,0.6474820143884892,0.3237410071942446,0.0,0.0,0.0,0.9712230215827338,1.2949640287769784,0.1618705035971223,0.3237410071942446,0.1618705035971223,NGR,Midfielder,UEFA Europa League,International competitions
Alex Iwobi,Alex Iwobi__17/18,10000000,21,2017,6,334,55.666666666666664,6.95,87.3,62.5,,0.2694610778443114,0.125,0.0,0.0,0.2694610778443114,2.155688622754491,0.2694610778443114,0.2694610778443114,2.964071856287425,0.2694610778443114,4.580838323353293,59.01197604790419,1.347305389221557,0.0,0.2694610778443114,0.0,0.0,0.0,1.0778443113772456,0.8083832335329342,0.2694610778443114,0.8083832335329342,0.2694610778443114,NGR,Midfielder,UEFA Europa League,International competitions
Alex Iwobi,Alex Iwobi__16/17,10000000,20,2016,7,411,58.714285714285715,6.57,86.7,81.8,,0.21897810218978103,0.5,0.16666666666666666,0.21897810218978103,0.0,1.313868613138686,0.656934306569343,0.0,0.21897810218978103,0.0,0.656934306569343,42.91970802919708,1.9708029197080292,0.0,0.0,0.0,0.0,0.0,0.8759124087591241,1.313868613138686,0.43795620437956206,0.43795620437956206,,NGR,Midfielder,UEFA Champions League,International competitions
Alex Iwobi,Alex Iwobi__15/16,1000000,19,2015,2,77,38.5,6.8,79.4,,,0.0,0.0,0.0,0.0,0.0,2.3376623376623376,0.0,0.0,2.3376623376623376,0.0,1.1688311688311688,31.558441558441558,0.0,,0.0,0.0,0.0,0.0,1.1688311688311688,0.0,2.3376623376623376,1.1688311688311688,,NGR,Midfielder,UEFA Champions League,International competitions
Antoine Semenyo,Antoine Semenyo__24/25,28000000,24,2024,37,3209,86.72972972972973,7.19,78.2,36.4,13.6,0.44873792458709877,0.328,0.088,0.30850732315363044,0.14023060143346838,3.5057650358367094,1.1498909317544406,0.33655344344032406,1.290121533187909,0.30850732315363044,1.9351822997818635,21.875973823621067,0.5609224057338735,0.22436896229354938,0.16827672172016203,0.2524150825802431,0.0,0.028046120286693673,0.7572452477407292,1.5425366157681522,0.30850732315363044,1.2340292926145218,1.8790900592084763,GHA,Midfielder,Premier League,Domestic leagues
Antoine Semenyo,Antoine Semenyo__23/24,10000000,23,2023,33,2119,64.21212121212122,6.89,74.3,45.5,17.8,0.4247286455875413,0.44285714285714284,0.11428571428571428,0.33978291647003306,0.08494572911750826,2.973100519112789,1.316658801321378,0.21236432279377065,1.2317130722038698,0.25483718735252475,2.1236432279377064,18.5181689476168,0.6370929683813119,0.33978291647003306,0.08494572911750826,0.25483718735252475,0.0,0.0,0.7645115620575743,1.019348749410099,0.25483718735252475,0.8494572911750826,2.208588957055215,GHA,Midfielder,Premier League,Domestic leagues
Antoine Semenyo,Antoine Semenyo__22/23,9000000,22,2022,11,283,25.727272727272727,6.6,67.9,33.3,,0.31802120141342755,0.3333333333333333,0.3333333333333333,0.31802120141342755,0.0,0.9540636042402827,0.31802120141342755,0.0,0.6360424028268551,0.0,0.9540636042402827,12.084805653710248,0.31802120141342755,0.0,0.0,0.0,0.0,0.0,1.5901060070671378,0.31802120141342755,0.6360424028268551,0.31802120141342755,2.862190812720848,GHA,Midfielder,Premier League,Domestic leagues
Antoine Semenyo,Antoine Semenyo__22/23,3000000,22,2022,23,1245,54.130434782608695,6.82,70.5,38.5,9.1,0.6506024096385542,0.42105263157894735,0.15789473684210525,0.43373493975903615,0.21686746987951808,2.746987951807229,1.1566265060240963,0.21686746987951808,0.7228915662650602,0.3614457831325301,1.5903614457831325,14.168674698795181,0.3614457831325301,0.14457831325301204,0.07228915662650602,0.3614457831325301,0.0,0.0,0.2891566265060241,0.5783132530120482,0.3614457831325301,0.3614457831325301,3.253012048192771,GHA,Midfielder,Championship,Domestic leagues
Antoine Semenyo,Antoine Semenyo__21/22,1200000,21,2021,31,2131,68.74193548387096,7.03,73.0,45.5,19.4,0.8446738620366026,0.38571428571428573,0.11428571428571428,0.337869544814641,0.5068043172219615,2.956358517128109,1.1403097137494134,0.337869544814641,1.3937118723603943,0.337869544814641,1.6048803378695449,15.753167526982637,0.4223369310183013,0.29563585171281087,0.0,0.337869544814641,0.0,0.0,0.9291412482402628,1.1825434068512435,0.21116846550915064,0.675739089629282,1.8160488033786955,GHA,Midfielder,Championship,Domestic leagues
Antoine Semenyo,Antoine Semenyo__20/21,1300000,20,2020,44,2442,55.5,6.68,73.9,32.1,20.0,0.22113022113022113,0.2608695652173913,0.043478260869565216,0.07371007371007371,0.14742014742014742,1.6953316953316953,0.44226044226044225,0.11056511056511056,0.773955773955774,0.18427518427518427,1.769041769041769,15.995085995085995,0.3316953316953317,0.257985257985258,0.11056511056511056,0.07371007371007371,0.0,0.0,1.4742014742014742,2.027027027027027,0.773955773955774,0.3316953316953317,1.7321867321867321,GHA,Midfielder,Championship,Domestic leagues
Antoine Semenyo,Antoine Semenyo__19/20,450000,19,2019,9,304,33.77777777777778,6.52,69.1,33.3,,0.0,0.5,0.0,0.0,0.0,2.3684210526315788,1.1842105263157894,0.29605263157894735,0.5921052631578947,0.0,0.5921052631578947,13.914473684210526,0.29605263157894735,,0.0,0.0,0.0,0.0,1.480263157894737,0.8881578947368421,0.29605263157894735,0.5921052631578947,2.664473684210526,GHA,Midfielder,Championship,Domestic leagues
Antoine Semenyo,Antoine Semenyo__19/20,500000,19,2019,7,184,26.285714285714285,6.56,75.0,66.7,,0.0,0.0,0.0,0.0,0.0,0.9782608695652174,0.0,0.0,1.4673913043478262,0.4891304347826087,2.4456521739130435,16.141304347826086,0.9782608695652174,0.0,0.0,0.4891304347826087,0.0,0.0,0.9782608695652174,2.9347826086956523,0.4891304347826087,0.9782608695652174,1.9565217391304348,GHA,Midfielder,League One,Domestic leagues
Axel Tuanzebe,Axel Tuanzebe__21/22,6000000,24,2021,9,517,57.44444444444444,6.54,86.3,41.7,,0.0,0.5,0.0,0.0,0.0,0.3481624758220503,0.17408123791102514,0.0,0.0,0.0,0.0,36.03481624758221,1.7408123791102514,0.0,0.17408123791102514,0.17408123791102514,0.0,0.0,0.5222437137330754,0.8704061895551257,0.8704061895551257,0.17408123791102514,2.263056092843327,COD,Defender,Premier League,Domestic leagues
Axel Tuanzebe,Axel Tuanzebe__20/21,8000000,23,2020,9,402,44.666666666666664,6.77,88.6,68.0,,0.0,,,0.0,0.0,,,0.0,0.0,0.0,0.0,52.16417910447761,3.8059701492537314,,0.0,0.44776119402985076,0.0,0.0,0.22388059701492538,2.91044776119403,0.6716417910447762,,1.3432835820895523,COD,Defender,Premier League,Domestic leagues
Axel Tuanzebe,Axel Tuanzebe__19/20,8000000,22,2019,5,193,38.6,6.13,88.2,44.4,,0.0,,,0.0,0.0,,,0.0,0.0,0.0,0.0,55.95854922279793,1.8652849740932642,0.0,0.0,0.0,0.0,0.46632124352331605,0.46632124352331605,0.9326424870466321,2.33160621761658,,1.3989637305699483,COD,Defender,Premier League,Domestic leagues
Axel Tuanzebe,Axel Tuanzebe__17/18,1500000,20,2017,1,1,1.0,,91.6,28.6,,0.0,,,0.0,0.0,,,0.0,0.0,0.0,0.0,11790.0,180.0,,0.0,0.0,0.0,0.0,0.0,0.0,0.0,,,COD,Defender,Premier League,Domestic leagues
Axel Tuanzebe,Axel Tuanzebe__16/17,1000000,19,2016,4,305,76.25,6.7,,,,0.0,0.0,0.0,0.0,0.0,0.5901639344262295,0.0,0.0,0.29508196721311475,0.0,0.29508196721311475,,,,0.29508196721311475,0.0,0.0,0.0,1.180327868852459,2.6557377049180326,2.0655737704918034,0.29508196721311475,0.5901639344262295,COD,Defender,Premier League,Domestic leagues
Axel Tuanzebe,Axel Tuanzebe__22/23,3500000,25,2022,4,254,63.5,6.9,90.1,66.7,,0.0,0.0,0.0,0.0,0.0,0.3543307086614173,0.0,0.0,0.3543307086614173,0.0,0.3543307086614173,48.54330708661417,4.960629921259843,,0.3543307086614173,0.3543307086614173,0.0,0.0,0.7086614173228346,1.7716535433070866,0.3543307086614173,0.0,2.125984251968504,COD,Defender,Championship,Domestic leagues
Axel Tuanzebe,Axel Tuanzebe__18/19,5000000,21,2018,28,2395,85.53571428571429,6.79,84.5,42.0,8.3,0.037578288100208766,0.25,0.0,0.0,0.037578288100208766,0.30062630480167013,0.07515657620041753,0.0,0.2254697286012526,0.0,0.48851774530271397,42.35073068893528,2.5553235908141962,0.037578288100208766,0.15031315240083507,0.0,0.0,0.0,0.2254697286012526,1.2025052192066805,0.9770354906054279,0.037578288100208766,3.3444676409185803,COD,Defender,Championship,Domestic leagues
Axel Tuanzebe,Axel Tuanzebe__17/18,1500000,20,2017,5,300,60.0,6.74,73.5,29.2,,0.0,,,0.0,0.0,,,0.0,0.6,0.0,0.6,34.2,2.1,0.0,0.0,0.0,0.0,0.0,1.8,4.8,0.6,,5.1,COD,Defender,Championship,Domestic leagues
Axel Tuanzebe,Axel Tuanzebe__21/22,7000000,24,2021,1,10,10.0,6.7,100.0,,,0.0,,,0.0,0.0,,,0.0,0.0,0.0,0.0,36.0,,,0.0,0.0,0.0,0.0,0.0,0.0,0.0,,,COD,Defender,Serie A,Domestic leagues
Axel Tuanzebe,Axel Tuanzebe__20/21,8000000,23,2020,3,143,47.666666666666664,7.07,92.9,50.0,,0.0,,,0.0,0.0,,,0.0,0.6293706293706294,0.0,0.0,49.72027972027972,2.5174825174825175,,0.6293706293706294,0.0,0.0,0.0,1.2587412587412588,1.8881118881118881,1.2587412587412588,,1.2587412587412588,COD,Defender,UEFA Europa League,International competitions
Axel Tuanzebe,Axel Tuanzebe__19/20,8000000,22,2019,3,270,90.0,7.2,91.5,53.8,,0.0,,,0.0,0.0,,,0.0,0.3333333333333333,0.3333333333333333,1.0,79.33333333333333,2.3333333333333335,,0.6666666666666666,0.0,0.0,0.0,0.0,0.6666666666666666,0.6666666666666666,,4.666666666666667,COD,Defender,UEFA Europa League,International competitions
Axel Tuanzebe,Axel Tuanzebe__20/21,8000000,23,2020,5,202,40.4,6.54,88.6,62.5,,0.0,0.0,0.0,0.0,0.0,0.44554455445544555,0.0,0.0,0.0,0.0,0.44554455445544555,31.18811881188119,2.227722772277228,,0.0,1.3366336633663367,0.0,0.0,0.44554455445544555,2.227722772277228,0.8910891089108911,0.44554455445544555,1.3366336633663367,COD,Defender,UEFA Champions League,International competitions
Axel Tuanzebe,Axel Tuanzebe__17/18,1500000,20,2017,1,18,18.0,7.0,81.8,,,0.0,,,0.0,0.0,,,0.0,0.0,0.0,10.0,45.0,,0.0,0.0,0.0,0.0,0.0,0.0,5.0,5.0,,,COD,Defender,UEFA Champions League,International competitions
Baleba Carlos,Baleba Carlos__24/25,35000000,20,2024,34,2670,78.52941176470588,6.99,87.9,58.0,33.3,0.1348314606741573,0.25,0.06818181818181818,0.10112359550561797,0.033707865168539325,1.4831460674157304,0.3707865168539326,0.10112359550561797,0.7415730337078652,0.10112359550561797,1.1123595505617978,38.52808988764045,2.191011235955056,0.10112359550561797,0.1348314606741573,0.23595505617977527,0.033707865168539325,0.0,1.0786516853932584,2.662921348314607,1.550561797752809,0.6067415730337079,1.3146067415730338,CMR,Midfielder,Premier League,Domestic leagues
Baleba Carlos,Baleba Carlos__23/24,20000000,19,2023,27,1362,50.44444444444444,6.72,92.2,62.1,,0.0,0.23809523809523808,0.0,0.0,0.0,1.3876651982378854,0.3303964757709251,0.0,0.5286343612334802,0.06607929515418502,0.7268722466960352,47.11453744493392,1.1894273127753303,,0.13215859030837004,0.46255506607929514,0.0,0.13215859030837004,1.5198237885462555,2.643171806167401,1.1894273127753303,0.3964757709251101,1.6519823788546255,CMR,Midfielder,Premier League,Domestic leagues
Baleba Carlos,Baleba Carlos__23/24,5000000,19,2023,2,62,31.0,6.8,86.7,33.3,,0.0,0.5,0.0,0.0,0.0,2.903225806451613,1.4516129032258065,0.0,0.0,0.0,0.0,56.61290322580645,1.4516129032258065,,0.0,0.0,0.0,0.0,1.4516129032258065,8.709677419354838,2.903225806451613,1.4516129032258065,,CMR,Midfielder,Ligue 1,Domestic leagues
Baleba Carlos,Baleba Carlos__22/23,800000,18,2022,19,494,26.0,6.59,83.6,75.8,,0.0,0.16666666666666666,0.0,0.0,0.0,2.1862348178137654,0.3643724696356275,0.0,0.3643724696356275,0.0,2.7327935222672064,45.364372469635626,4.554655870445344,0.0,0.0,0.5465587044534413,0.18218623481781376,0.0,0.9109311740890689,2.3684210526315788,0.18218623481781376,0.728744939271255,1.2753036437246963,CMR,Midfielder,Ligue 1,Domestic leagues
Baleba Carlos,Baleba Carlos__23/24,20000000,19,2023,6,68,11.333333333333334,6.6,90.2,,,0.0,,,0.0,0.0,,,0.0,0.0,0.0,2.6470588235294117,72.79411764705883,,,0.0,0.0,0.0,0.0,0.0,2.6470588235294117,1.3235294117647058,,1.3235294117647058,CMR,Midfielder,UEFA Europa League,International competitions
Beto,Beto__23/24,22000000,25,2023,30,973,32.43333333333333,6.73,61.5,75.0,,0.2774922918807811,0.3023255813953488,0.06976744186046512,0.2774922918807811,0.0,3.9773895169578624,1.2024665981500513,0.7399794450154162,1.0174717368961974,0.2774922918807811,1.3874614594039054,9.897225077081192,0.5549845837615622,0.0,0.0,0.18499486125385406,0.0,0.0,0.7399794450154162,1.2949640287769784,0.09249743062692703,0.3699897225077081,4.34737923946557,GBS,Forward,Premier League,Domestic leagues
Beto,Beto__23/24,25000000,25,2023,1,74,74.0,6.9,90.9,,,0.0,,,0.0,0.0,,,0.0,7.297297297297297,0.0,2.4324324324324325,12.162162162162161,,,0.0,0.0,0.0,0.0,0.0,1.2162162162162162,0.0,,,GBS,Forward,Serie A,Domestic leagues
Beto,Beto__22/23,13000000,24,2022,33,2132,64.60606060606061,6.78,65.7,60.0,,0.4643527204502814,0.36065573770491804,0.16393442622950818,0.42213883677298314,0.04221388367729831,2.575046904315197,0.9287054409005628,0.2954971857410882,0.9709193245778611,0.16885553470919323,1.3508442776735459,8.02063789868668,0.25328330206378985,0.0,0.08442776735459662,0.08442776735459662,0.0,0.0,0.5487804878048781,0.6754221388367729,0.25328330206378985,0.6332082551594747,2.99718574108818,GBS,Forward,Serie A,Domestic leagues
Beto,Beto__21/22,10000000,23,2021,28,2175,77.67857142857143,6.81,68.7,80.0,50.0,0.45517241379310347,0.40625,0.171875,0.45517241379310347,0.0,2.6482758620689655,1.0758620689655172,0.496551724137931,0.8275862068965517,0.08275862068965517,1.6551724137931034,10.096551724137932,0.3310344827586207,0.041379310344827586,0.08275862068965517,0.041379310344827586,0.0,0.0,0.41379310344827586,0.8689655172413793,0.20689655172413793,0.5793103448275863,3.0206896551724136,GBS,Forward,Serie A,Domestic leagues
Beto,Beto__21/22,5000000,23,2021,3,268,89.33333333333333,7.2,66.7,100.0,33.3,0.6716417910447762,0.5714285714285714,0.2857142857142857,0.6716417910447762,0.0,2.3507462686567164,1.3432835820895523,0.0,0.3358208955223881,0.0,0.6716417910447762,8.059701492537313,0.3358208955223881,0.3358208955223881,0.0,0.3358208955223881,0.0,0.0,0.6716417910447762,0.0,0.0,0.0,3.3582089552238807,GBS,Forward,Liga Portugal Betclic,Domestic leagues
Beto,Beto__20/21,450000,22,2020,30,1961,65.36666666666666,7.03,64.7,63.6,,0.5966343702192759,0.5081967213114754,0.18032786885245902,0.5048444671086181,0.09178990311065782,2.7995920448750637,1.4227434982151963,0.4589495155532891,0.7802141764405915,0.09178990311065782,1.2391636919938807,9.6838347781744,0.3212646608873024,0.0,0.0,0.22947475777664456,0.0,0.0,0.5966343702192759,0.6884242733299337,0.09178990311065782,0.3671596124426313,3.4880163182049975,GBS,Forward,Liga Portugal Betclic,Domestic leagues
Beto,Beto__19/20,200000,21,2019,11,174,15.818181818181818,6.44,60.0,,,0.0,0.3333333333333333,0.0,0.0,0.0,1.5517241379310345,0.5172413793103449,0.0,1.0344827586206897,0.0,0.5172413793103449,7.758620689655173,,0.0,0.0,0.5172413793103449,0.0,0.0,0.0,0.5172413793103449,0.0,0.5172413793103449,4.137931034482759,GBS,Forward,Liga Portugal Betclic,Domestic leagues
Bilal El Khannouss,Bilal El Khannouss__24/25,28000000,20,2024,32,2203,68.84375,6.91,80.3,68.7,20.2,0.20426690876078074,0.23333333333333334,0.06666666666666667,0.0817067635043123,0.12256014525646845,1.2256014525646846,0.28597367226509307,0.0,1.7158420335905584,0.3268270540172492,1.389014979573309,31.334543803903767,2.3286427598729005,0.7353608715388107,0.04085338175215615,0.1634135270086246,0.0,0.0,0.6128007262823423,2.0426690876078077,0.2451202905129369,0.4493871992737177,0.7762142532909668,MAR,Midfielder,Premier League,Domestic leagues
Bilal El Khannouss,Bilal El Khannouss__24/25,30000000,20,2024,1,69,69.0,7.4,73.2,,50.0,1.3043478260869565,0.0,0.0,0.0,1.3043478260869565,1.3043478260869565,0.0,0.0,1.3043478260869565,0.0,0.0,39.130434782608695,0.0,2.608695652173913,0.0,0.0,0.0,0.0,0.0,2.608695652173913,0.0,1.3043478260869565,2.608695652173913,MAR,Midfielder,Pro League,Domestic leagues
Bilal El Khannouss,Bilal El Khannouss__23/24,25000000,19,2023,37,3057,82.62162162162163,7.44,78.8,66.3,26.6,0.2649656526005888,0.3225806451612903,0.04838709677419355,0.08832188420019627,0.17664376840039253,1.8253189401373895,0.5888125613346418,0.029440628066732092,2.590775269872424,0.38272816486751715,1.2070657507360156,40.56918547595682,4.003925417075564,1.7075564278704611,0.11776251226692837,0.2649656526005888,0.0,0.0,0.7065750736015701,1.9725220804710502,0.38272816486751715,0.647693817468106,0.9126594700686947,MAR,Midfielder,Pro League,Domestic leagues
Bilal El Khannouss,Bilal El Khannouss__22/23,11000000,18,2022,39,2552,65.43589743589743,6.87,77.3,68.6,21.2,0.2115987460815047,0.2916666666666667,0.020833333333333332,0.03526645768025078,0.17633228840125392,1.6927899686520376,0.493730407523511,0.0,1.3753918495297806,0.28213166144200624,1.4106583072100314,38.22884012539185,4.161442006269592,0.2468652037617555,0.0,0.14106583072100312,0.03526645768025078,0.0,0.8463949843260188,1.9043887147335423,0.31739811912225707,0.5642633228840125,0.8463949843260188,MAR,Midfielder,Pro League,Domestic leagues
Bilal El Khannouss,Bilal El Khannouss__21/22,100000,17,2021,1,17,17.0,7.0,80.0,,50.0,0.0,1.0,0.0,0.0,0.0,5.294117647058823,5.294117647058823,0.0,0.0,0.0,0.0,21.176470588235293,,5.294117647058823,0.0,0.0,0.0,0.0,5.294117647058823,5.294117647058823,0.0,0.0,,MAR,Midfielder,Pro League,Domestic leagues
Bilal El Khannouss,Bilal El Khannouss__23/24,25000000,19,2023,8,629,78.625,7.31,80.7,65.6,30.2,0.2861685214626391,0.3076923076923077,0.0,0.0,0.2861685214626391,1.8600953895071541,0.5723370429252782,0.0,3.577106518282989,0.5723370429252782,0.4292527821939587,40.77901430842607,3.0047694753577106,1.8600953895071541,0.14308426073131955,0.2861685214626391,0.0,0.0,0.7154213036565977,1.573926868044515,0.4292527821939587,0.5723370429252782,0.5723370429252782,MAR,Midfielder,UEFA Conference League,International competitions
Bilal El Khannouss,Bilal El Khannouss__23/24,25000000,19,2023,2,129,64.5,6.8,83.6,100.0,,0.0,0.5,0.0,0.0,0.0,1.3953488372093024,0.6976744186046512,0.0,0.6976744186046512,0.0,0.6976744186046512,32.093023255813954,4.186046511627907,,0.0,0.0,0.0,0.0,2.7906976744186047,2.0930232558139537,0.0,0.6976744186046512,,MAR,Midfielder,UEFA Champions League,International competitions
Boubacar Traore,Boubacar Traore__23/24,6000000,22,2023,24,840,35.0,6.57,81.4,55.6,,0.0,0.09090909090909091,0.0,0.0,0.0,1.1785714285714286,0.10714285714285714,0.0,0.6428571428571429,0.0,1.0714285714285714,12.642857142857142,0.5357142857142857,0.0,0.0,0.42857142857142855,0.0,0.0,1.2857142857142858,3.75,0.5357142857142857,0.42857142857142855,0.6428571428571429,MLI,Midfielder,Premier League,Domestic leagues
Boubacar Traore,Boubacar Traore__22/23,5000000,21,2022,10,416,41.6,6.59,,,,0.21634615384615385,0.0,0.0,0.0,0.21634615384615385,0.6490384615384616,0.0,0.0,0.21634615384615385,0.21634615384615385,0.8653846153846154,,,,0.0,0.4326923076923077,0.0,0.0,0.8653846153846154,2.5961538461538463,1.5144230769230769,0.0,1.5144230769230769,MLI,Midfielder,Premier League,Domestic leagues
Boubacar Traore,Boubacar Traore__24/25,5000000,23,2024,2,79,39.5,,2.0,0.0,0.0,0.0,,,0.0,0.0,,,0.0,0.0,0.0,0.0,2.278481012658228,0.0,0.0,0.0,0.0,0.0,0.0,0.0,0.0,0.0,,,MLI,Midfielder,"Premier League 2, Division 1",Domestic leagues
Boubacar Traore,Boubacar Traore__22/23,1800000,21,2022,3,270,90.0,6.9,84.3,45.5,,0.0,0.25,0.0,0.0,0.0,1.3333333333333333,0.3333333333333333,0.0,0.6666666666666666,0.0,1.0,32.333333333333336,1.6666666666666667,,0.3333333333333333,0.0,0.0,0.0,0.6666666666666666,3.0,1.6666666666666667,0.6666666666666666,0.6666666666666666,MLI,Midfielder,Ligue 2,Domestic leagues
Boubacar Traore,Boubacar Traore__21/22,1200000,20,2021,27,1721,63.74074074074074,6.71,83.1,64.3,,0.10459035444509006,0.22727272727272727,0.045454545454545456,0.05229517722254503,0.05229517722254503,1.1504938988959907,0.26147588611272515,0.0,0.8367228355607205,0.1568855316676351,1.464264962231261,31.69087739686229,2.8239395700174317,0.0,0.20918070889018012,0.41836141778036023,0.05229517722254503,0.0,1.516560139453806,2.2486926205694364,1.3073794305636257,0.1568855316676351,0.8890180127832655,MLI,Midfielder,Ligue 1,Domestic leagues
Boubacar Traore,Boubacar Traore__20/21,150000,19,2020,2,52,26.0,6.8,77.3,33.3,,1.7307692307692308,0.5,0.5,1.7307692307692308,0.0,3.4615384615384617,1.7307692307692308,0.0,0.0,0.0,0.0,58.84615384615385,1.7307692307692308,0.0,0.0,0.0,0.0,0.0,0.0,5.1923076923076925,0.0,1.7307692307692308,,MLI,Midfielder,Ligue 1,Domestic leagues
Bryan Mbeumo,Bryan Mbeumo__24/25,55000000,25,2024,38,3415,89.86842105263158,7.47,73.9,51.7,24.3,0.7115666178623719,0.4823529411764706,0.23529411764705882,0.527086383601757,0.18448023426061494,2.240117130307467,1.0805270863836018,0.23718887262079064,1.8448023426061493,0.4480234260614934,1.3704245973645681,21.267935578330892,0.7906295754026355,1.2913616398243046,0.2108345534407028,0.07906295754026355,0.0,0.02635431918008785,0.3689604685212299,1.2913616398243046,0.3689604685212299,0.5534407027818448,0.9224011713030746,CMR,Midfielder,Premier League,Domestic leagues
Bryan Mbeumo,Bryan Mbeumo__23/24,40000000,24,2023,25,1959,78.36,7.27,72.3,50.0,31.5,0.6891271056661562,0.37735849056603776,0.16981132075471697,0.41347626339969373,0.27565084226646247,2.434915773353752,0.9188361408882083,0.41347626339969373,1.4701378254211332,0.27565084226646247,1.1944869831546707,21.592649310872893,0.781010719754977,1.332312404287902,0.18376722817764166,0.09188361408882083,0.0,0.0,0.6431852986217458,0.6891271056661562,0.3215926493108729,0.5053598774885145,1.0566615620214395,CMR,Midfielder,Premier League,Domestic leagues
Bryan Mbeumo,Bryan Mbeumo__22/23,35000000,23,2022,38,2929,77.07894736842105,7.09,73.7,58.8,26.3,0.5223625810856948,0.4647887323943662,0.1267605633802817,0.27654489586889724,0.24581768521679753,2.181631956299078,1.0139979515192898,0.3379993171730966,1.6285421645612836,0.4301809491293957,1.3827244793444862,18.313417548651415,0.9218163195629908,1.2598156367360873,0.03072721065209969,0.15363605326049845,0.0,0.0,1.0447251621713896,0.798907476954592,0.399453738477296,0.3687265278251963,1.0754523728234893,CMR,Midfielder,Premier League,Domestic leagues
Bryan Mbeumo,Bryan Mbeumo__21/22,22000000,22,2021,35,2915,83.28571428571429,6.87,69.0,49.0,22.7,0.33962264150943394,0.2857142857142857,0.05194805194805195,0.1234991423670669,0.21612349914236706,2.3773584905660377,0.6792452830188679,0.27787307032590053,1.0497427101200687,0.1234991423670669,1.2041166380789021,15.560891938250428,0.7409948542024014,0.5248713550600344,0.1234991423670669,0.1234991423670669,0.0,0.0,0.4322469982847341,0.8644939965694682,0.33962264150943394,0.5557461406518011,0.8953687821612349,CMR,Midfielder,Premier League,Domestic leagues
Bryan Mbeumo,Bryan Mbeumo__20/21,16000000,21,2020,47,3303,70.27659574468085,7.01,75.1,61.4,34.1,0.4904632152588556,0.2898550724637681,0.11594202898550725,0.21798365122615804,0.2724795640326976,1.880108991825613,0.5449591280653951,0.2997275204359673,1.5803814713896458,0.2724795640326976,0.9809264305177112,16.294277929155314,0.9536784741144414,1.2806539509536785,0.1362397820163488,0.08174386920980926,0.0,0.027247956403269755,0.5994550408719346,1.0899182561307903,0.7356948228882834,0.4904632152588556,1.1444141689373297,CMR,Midfielder,Championship,Domestic leagues
Bryan Mbeumo,Bryan Mbeumo__19/20,8000000,20,2019,45,3163,70.28888888888889,7.11,75.8,55.2,20.7,0.6544419854568447,0.40229885057471265,0.1839080459770115,0.45526398988302247,0.19917799557382232,2.4754979449889345,0.9958899778691116,0.14226999683844452,1.0812519759721784,0.11381599747075562,1.2519759721783117,21.881125513752767,1.0527979766044895,0.3414479924122668,0.05690799873537781,0.0853619981030667,0.0,0.0,0.6544419854568447,1.166613974075245,0.3414479924122668,0.5406259879860892,0.7113499841922226,CMR,Midfielder,Championship,Domestic leagues
Bryan Mbeumo,Bryan Mbeumo__18/19,3500000,19,2018,35,2443,69.8,6.8,70.5,54.5,21.4,0.4789193614408514,0.3870967741935484,0.16129032258064516,0.3683995088006549,0.11051985264019648,2.2840769545640605,0.8841588211215718,0.07367990176013099,0.6999590667212444,0.14735980352026198,1.5472779369627507,20.26197298403602,0.8841588211215718,0.33155955792058944,0.14735980352026198,0.22103970528039296,0.0,0.0,0.8104789193614409,0.9946786737617683,0.4789193614408514,0.40523945968072045,1.5104379860826853,CMR,Midfielder,Ligue 2,Domestic leagues
Bryan Mbeumo,Bryan Mbeumo__18/19,900000,19,2018,1,105,105.0,6.8,76.7,100.0,,0.0,0.0,0.0,0.0,0.0,0.8571428571428571,0.0,0.8571428571428571,0.0,0.0,3.4285714285714284,19.714285714285715,1.7142857142857142,,0.0,0.0,0.0,0.0,0.0,0.8571428571428571,0.0,0.0,1.7142857142857142,CMR,Midfielder,Ligue 1,Domestic leagues
Bryan Mbeumo,Bryan Mbeumo__17/18,300000,18,2017,4,60,15.0,6.5,55.6,,,0.0,0.3333333333333333,0.0,0.0,0.0,4.5,1.5,0.0,0.0,0.0,1.5,15.0,0.0,0.0,0.0,0.0,0.0,0.0,4.5,0.0,0.0,1.5,4.5,CMR,Midfielder,Ligue 1,Domestic leagues
Calvin Bassey,Calvin Bassey__24/25,25000000,25,2024,35,3074,87.82857142857142,6.83,90.1,48.6,12.5,0.029277813923227064,0.2857142857142857,0.07142857142857142,0.029277813923227064,0.0,0.4098893949251789,0.11711125569290826,0.029277813923227064,0.08783344176968119,0.0,0.439167208848406,56.38906961613533,2.605725439167209,0.029277813923227064,0.14638906961613532,0.20494469746258945,0.0,0.029277813923227064,0.2635003253090436,1.5810019518542615,0.5855562784645413,0.14638906961613532,1.288223812621991,NGR,Defender,Premier League,Domestic leagues
Calvin Bassey,Calvin Bassey__23/24,16000000,24,2023,29,2301,79.34482758620689,6.75,86.2,43.2,,0.03911342894393742,0.4,0.2,0.03911342894393742,0.0,0.19556714471968709,0.07822685788787484,0.0,0.03911342894393742,0.0,0.4302477183833116,56.20599739243807,3.246414602346806,0.0,0.23468057366362452,0.19556714471968709,0.03911342894393742,0.03911342894393742,0.31290743155149936,1.9165580182529336,1.0951760104302477,0.03911342894393742,1.1734028683181226,NGR,Defender,Premier League,Domestic leagues
Calvin Bassey,Calvin Bassey__22/23,16000000,23,2022,25,1807,72.28,7.07,89.0,60.6,21.2,0.1992252351964582,0.42857142857142855,0.14285714285714285,0.04980630879911455,0.14941892639734367,0.3486441615938019,0.14941892639734367,0.0996126175982291,0.5478693967902601,0.1992252351964582,0.448256779192031,65.24626452684006,2.8389596015495298,0.3486441615938019,0.24903154399557278,0.0,0.0,0.0,0.3486441615938019,1.9922523519645823,1.1455451023796348,0.04980630879911455,1.793027116768124,NGR,Defender,Eredivisie,Domestic leagues
Calvin Bassey,Calvin Bassey__21/22,18000000,22,2021,29,2579,88.93103448275862,6.97,86.3,43.2,20.7,0.10469174098487787,0.16666666666666666,0.0,0.0,0.10469174098487787,0.41876696393951146,0.06979449398991858,0.0,0.8026366808840636,0.03489724699495929,0.48856145792943,52.9740209383482,2.3381155486622722,0.6630476929042265,0.45366421093447074,0.13958898797983715,0.0,0.03489724699495929,0.13958898797983715,1.5005816207832494,0.6630476929042265,0.17448623497479643,1.7797595967429236,NGR,Defender,Scottish Premiership,Domestic leagues
Calvin Bassey,Calvin Bassey__20/21,400000,21,2020,8,393,49.125,6.85,77.5,21.7,23.8,0.0,0.4,0.0,0.0,0.0,1.1450381679389312,0.4580152671755725,0.22900763358778625,0.6870229007633588,0.22900763358778625,1.1450381679389312,43.282442748091604,1.1450381679389312,1.1450381679389312,0.4580152671755725,0.0,0.0,0.0,0.6870229007633588,2.9770992366412212,1.6030534351145038,0.22900763358778625,3.435114503816794,NGR,Defender,Scottish Premiership,Domestic leagues
Calvin Bassey,Calvin Bassey__22/23,16000000,23,2022,2,180,90.0,6.75,91.0,20.0,,0.0,0.0,0.0,0.0,0.0,0.5,0.0,0.0,0.0,0.0,0.0,95.5,1.0,0.0,0.5,0.5,0.0,0.0,0.5,1.5,1.0,0.0,3.0,NGR,Defender,UEFA Europa League,International competitions
Calvin Bassey,Calvin Bassey__21/22,18000000,22,2021,14,1175,83.92857142857143,6.9,83.0,36.0,11.1,0.0,0.0,0.0,0.0,0.0,0.15319148936170213,0.0,0.0,0.2297872340425532,0.15319148936170213,0.8425531914893617,40.136170212765954,2.068085106382979,0.07659574468085106,0.15319148936170213,0.07659574468085106,0.0,0.0,0.2297872340425532,1.7617021276595746,1.5319148936170213,0.07659574468085106,0.8425531914893617,NGR,Defender,UEFA Europa League,International competitions
Calvin Bassey,Calvin Bassey__20/21,400000,21,2020,3,58,19.333333333333332,6.8,60.0,16.7,,0.0,,,0.0,0.0,,,0.0,1.5517241379310345,0.0,1.5517241379310345,27.93103448275862,1.5517241379310345,0.0,0.0,1.5517241379310345,0.0,0.0,0.0,4.655172413793103,0.0,,1.5517241379310345,NGR,Defender,UEFA Europa League,International competitions
Calvin Bassey,Calvin Bassey__22/23,16000000,23,2022,6,540,90.0,6.83,89.0,40.6,100.0,0.3333333333333333,,,0.0,0.3333333333333333,,,0.0,0.3333333333333333,0.16666666666666666,0.8333333333333334,63.333333333333336,2.1666666666666665,0.16666666666666666,0.16666666666666666,0.16666666666666666,0.0,0.0,0.6666666666666666,2.3333333333333335,1.1666666666666667,,1.0,NGR,Defender,UEFA Champions League,International competitions
Chadi Riad,Chadi Riad__24/25,15000000,21,2024,1,90,90.0,6.7,85.4,50.0,,0.0,,,0.0,0.0,,,0.0,0.0,0.0,0.0,70.0,5.0,,0.0,0.0,0.0,0.0,1.0,5.0,2.0,,2.0,MAR,Defender,Premier League,Domestic leagues
Chadi Riad,Chadi Riad__23/24,15000000,20,2023,26,2164,83.23076923076923,6.8,89.7,29.5,,0.0,0.45454545454545453,0.0,0.0,0.0,0.45748613678373384,0.20794824399260628,0.0,0.08317929759704251,0.0,0.0,44.584103512014785,1.1645101663585953,,0.16635859519408502,0.041589648798521256,0.0,0.0,0.41589648798521256,1.455637707948244,0.9565619223659889,0.041589648798521256,1.8299445471349354,MAR,Defender,LaLiga,Domestic leagues
Chadi Riad,Chadi Riad__23/24,15000000,20,2023,2,180,90.0,6.65,90.7,25.0,,0.0,1.0,0.0,0.0,0.0,0.5,0.5,0.0,0.0,0.0,0.0,58.5,0.5,,0.0,0.0,0.0,0.0,0.0,1.0,0.0,0.0,3.5,MAR,Defender,UEFA Conference League,International competitions
Chadi Riad,Chadi Riad__22/23,500000,19,2022,1,90,90.0,6.9,97.2,75.0,,0.0,,,0.0,0.0,,,0.0,1.0,0.0,0.0,104.0,6.0,,0.0,0.0,0.0,0.0,2.0,1.0,0.0,,1.0,MAR,Defender,UEFA Youth League,International competitions
Cheick Doucoure,Cheick Doucoure__24/25,25000000,24,2024,13,462,35.53846153846154,6.63,85.7,61.5,,0.0,0.0,0.0,0.0,0.0,1.3636363636363635,0.0,0.0,0.19480519480519481,0.0,0.38961038961038963,33.896103896103895,1.5584415584415585,0.0,0.0,0.19480519480519481,0.0,0.0,1.1688311688311688,3.116883116883117,2.142857142857143,0.974025974025974,0.974025974025974,MLI,Midfielder,Premier League,Domestic leagues
Cheick Doucoure,Cheick Doucoure__23/24,35000000,23,2023,11,921,83.72727272727273,7.05,87.2,50.0,,0.0,0.3333333333333333,0.0,0.0,0.0,0.5863192182410424,0.19543973941368079,0.0,0.9771986970684039,0.09771986970684039,0.9771986970684039,35.86319218241042,0.7817589576547231,0.0,0.2931596091205212,0.19543973941368079,0.0,0.0,1.1726384364820848,3.3224755700325734,1.9543973941368078,0.19543973941368079,0.48859934853420195,MLI,Midfielder,Premier League,Domestic leagues
Cheick Doucoure,Cheick Doucoure__22/23,30000000,22,2022,34,2784,81.88235294117646,6.97,83.6,55.1,33.3,0.09698275862068965,0.19444444444444445,0.0,0.0,0.09698275862068965,1.1637931034482758,0.22629310344827586,0.0,0.8405172413793104,0.09698275862068965,0.4849137931034483,33.491379310344826,1.584051724137931,0.06465517241379311,0.12931034482758622,0.3232758620689655,0.032327586206896554,0.0,0.7435344827586207,2.4892241379310347,1.8103448275862069,0.3879310344827586,0.9698275862068966,MLI,Midfielder,Premier League,Domestic leagues
Cheick Doucoure,Cheick Doucoure__21/22,9000000,21,2021,34,2948,86.70588235294117,7.07,87.5,67.8,,0.15264586160108548,0.3548387096774194,0.03225806451612903,0.030529172320217096,0.12211668928086838,0.94640434192673,0.3358208955223881,0.0,1.2516960651289009,0.15264586160108548,0.7021709633649932,50.556309362279514,2.4423337856173677,0.0,0.15264586160108548,0.21370420624151967,0.030529172320217096,0.0,1.3432835820895523,2.2896879240162824,2.0759837177747626,0.3358208955223881,0.6716417910447762,MLI,Midfielder,Ligue 1,Domestic leagues
Cheick Doucoure,Cheick Doucoure__20/21,3500000,20,2020,33,2632,79.75757575757575,7.02,86.6,69.7,,0.10258358662613981,0.14285714285714285,0.05714285714285714,0.06838905775075987,0.03419452887537994,1.196808510638298,0.17097264437689969,0.0,0.8890577507598785,0.03419452887537994,1.2993920972644377,42.70896656534954,3.1458966565349544,0.0,0.10258358662613981,0.2735562310030395,0.0,0.0,1.128419452887538,2.9749240121580547,1.778115501519757,0.4787234042553192,0.9232522796352584,MLI,Midfielder,Ligue 1,Domestic leagues
Cheick Doucoure,Cheick Doucoure__19/20,2000000,19,2019,21,1686,80.28571428571429,7.0,85.3,60.5,11.1,0.10676156583629894,0.11764705882352941,0.058823529411764705,0.05338078291814947,0.05338078291814947,0.9074733096085409,0.10676156583629894,0.05338078291814947,0.5871886120996441,0.10676156583629894,0.9608540925266904,46.70818505338078,3.683274021352313,0.05338078291814947,0.42704626334519574,0.1601423487544484,0.0,0.0,0.693950177935943,2.6156583629893237,1.9217081850533808,0.21352313167259787,1.0142348754448398,MLI,Midfielder,Ligue 2,Domestic leagues
Cheick Doucoure,Cheick Doucoure__18/19,1500000,18,2018,27,2014,74.5925925925926,6.88,83.2,70.1,,0.17874875868917578,0.19047619047619047,0.09523809523809523,0.08937437934458789,0.08937437934458789,0.9384309831181727,0.17874875868917578,0.044687189672293945,0.759682224428997,0.044687189672293945,1.2959285004965244,38.386295928500495,3.977159880834161,0.0,0.3128103277060576,0.17874875868917578,0.0,0.044687189672293945,1.2959285004965244,3.038728897715988,1.9662363455809335,0.2234359483614697,0.759682224428997,MLI,Midfielder,Ligue 2,Domestic leagues
Dango Ouattara,Dango Ouattara__24/25,28000000,22,2024,32,2012,62.875,7.09,65.9,24.3,19.3,0.49204771371769385,0.3225806451612903,0.11290322580645161,0.31312127236580517,0.17892644135188868,2.7733598409542743,0.8946322067594433,0.536779324055666,1.565606361829026,0.44731610337972166,1.7445328031809144,14.582504970178926,0.4025844930417495,0.7604373757455268,0.08946322067594434,0.1341948310139165,0.0,0.0,1.073558648111332,1.565606361829026,0.49204771371769385,0.6262425447316103,2.05765407554672,BUR,Forward,Premier League,Domestic leagues
Dango Ouattara,Dango Ouattara__23/24,25000000,21,2023,30,1234,41.13333333333333,6.88,67.6,37.0,22.2,0.2188006482982172,0.23333333333333334,0.03333333333333333,0.07293354943273905,0.1458670988654781,2.1880064829821717,0.5105348460291734,0.1458670988654781,1.239870340356564,0.07293354943273905,1.5316045380875203,22.098865478119937,1.239870340356564,0.5834683954619124,0.1458670988654781,0.2188006482982172,0.0,0.0,1.0940032414910859,3.282009724473258,1.6045380875202593,0.7293354943273906,2.552674230145867,BUR,Forward,Premier League,Domestic leagues
Dango Ouattara,Dango Ouattara__22/23,20000000,20,2022,19,1244,65.47368421052632,6.76,65.8,40.0,33.3,0.28938906752411575,0.19230769230769232,0.038461538461538464,0.07234726688102894,0.2170418006430868,1.8810289389067525,0.3617363344051447,0.2170418006430868,1.302250803858521,0.28938906752411575,2.242765273311897,14.035369774919614,0.7234726688102894,0.7234726688102894,0.07234726688102894,0.07234726688102894,0.0,0.0,1.3745980707395498,2.0257234726688105,0.9405144694533762,0.5787781350482315,2.170418006430868,BUR,Forward,Premier League,Domestic leagues
Dango Ouattara,Dango Ouattara__22/23,10000000,20,2022,18,1552,86.22222222222223,7.29,63.9,44.4,9.1,0.6378865979381443,0.3269230769230769,0.11538461538461539,0.3479381443298969,0.28994845360824745,3.015463917525773,0.9858247422680413,0.28994845360824745,1.333762886597938,0.3479381443298969,1.6237113402061856,14.903350515463918,0.4639175257731959,0.17396907216494845,0.11597938144329897,0.11597938144329897,0.05798969072164949,0.0,0.7538659793814433,2.377577319587629,1.1018041237113403,0.9278350515463918,2.26159793814433,BUR,Forward,Ligue 1,Domestic leagues
Dango Ouattara,Dango Ouattara__21/22,500000,19,2021,25,832,33.28,6.73,65.3,55.0,,0.3245192307692308,0.3333333333333333,0.041666666666666664,0.10817307692307693,0.21634615384615385,2.5961538461538463,0.8653846153846154,0.10817307692307693,0.8653846153846154,0.21634615384615385,0.9735576923076923,17.740384615384617,1.1899038461538463,0.0,0.10817307692307693,0.4326923076923077,0.0,0.10817307692307693,1.2980769230769231,2.2716346153846154,1.5144230769230769,0.5408653846153846,2.2716346153846154,BUR,Forward,Ligue 1,Domestic leagues
David Datro Fofana,David Datro Fofana__24/25,8500000,22,2024,9,282,31.333333333333332,6.63,70.2,,,0.6382978723404256,0.8,0.4,0.6382978723404256,0.0,1.5957446808510638,1.2765957446808511,0.3191489361702128,0.9574468085106383,0.0,1.9148936170212767,12.76595744680851,0.0,0.0,0.0,0.3191489361702128,0.0,0.0,0.3191489361702128,0.3191489361702128,0.3191489361702128,0.0,3.1914893617021276,CIV,Forward,Trendyol Süper Lig,Domestic leagues
David Datro Fofana,David Datro Fofana__23/24,12000000,21,2023,15,901,60.06666666666667,6.76,69.0,80.0,33.3,0.49944506104328523,0.5263157894736842,0.21052631578947367,0.3995560488346282,0.09988901220865705,1.8978912319644838,0.9988901220865705,0.49944506104328523,0.7991120976692564,0.29966703662597116,1.4983351831298557,11.587125416204218,0.3995560488346282,0.09988901220865705,0.0,0.09988901220865705,0.0,0.0,0.29966703662597116,0.9988901220865705,0.09988901220865705,0.1997780244173141,1.2985571587125415,CIV,Forward,Premier League,Domestic leagues
David Datro Fofana,David Datro Fofana__22/23,10000000,20,2022,3,68,22.666666666666668,6.83,87.5,100.0,,0.0,0.6666666666666666,0.0,0.0,0.0,3.9705882352941178,2.6470588235294117,0.0,3.9705882352941178,0.0,6.617647058823529,9.264705882352942,1.3235294117647058,0.0,0.0,0.0,0.0,0.0,0.0,3.9705882352941178,0.0,0.0,,CIV,Forward,Premier League,Domestic leagues
David Datro Fofana,David Datro Fofana__23/24,8000000,21,2023,12,687,57.25,6.58,73.4,83.3,27.3,0.13100436681222707,0.5,0.038461538461538464,0.13100436681222707,0.0,3.406113537117904,1.703056768558952,0.9170305676855895,0.6550218340611353,0.0,2.489082969432314,13.362445414847162,0.6550218340611353,0.3930131004366812,0.0,0.0,0.0,0.0,0.6550218340611353,1.3100436681222707,0.0,0.6550218340611353,1.3100436681222707,CIV,Forward,Bundesliga,Domestic leagues
David Datro Fofana,David Datro Fofana__2022,7000000,20,2022,24,1689,70.375,7.1,76.9,68.2,10.0,0.9591474245115453,0.527027027027027,0.20270270270270271,0.7992895204262878,0.15985790408525755,3.9431616341030193,2.0781527531083483,0.7460035523978685,1.1722912966252221,0.42628774422735344,2.7708703374777977,14.227353463587923,0.7992895204262878,0.05328596802841918,0.0,0.10657193605683836,0.0,0.0,0.37300177619893427,0.7992895204262878,0.21314387211367672,0.5861456483126111,0.6394316163410302,CIV,Forward,Eliteserien,Domestic leagues
David Datro Fofana,David Datro Fofana__2021,400000,19,2021,18,310,17.22222222222222,6.58,66.0,66.7,,0.0,0.42857142857142855,0.0,0.0,0.0,4.064516129032258,1.7419354838709677,0.2903225806451613,0.2903225806451613,0.2903225806451613,6.096774193548387,9.0,0.5806451612903226,,0.0,0.0,0.0,0.0,1.4516129032258065,2.3225806451612905,0.2903225806451613,0.2903225806451613,2.3225806451612905,CIV,Forward,Eliteserien,Domestic leagues
David Datro Fofana,David Datro Fofana__23/24,12000000,21,2023,4,198,49.5,7.0,72.7,,,0.45454545454545453,0.5,0.125,0.45454545454545453,0.0,3.6363636363636362,1.8181818181818181,0.45454545454545453,2.272727272727273,0.0,2.272727272727273,10.909090909090908,,0.0,0.0,0.0,0.0,0.0,0.0,0.9090909090909091,0.0,0.0,3.6363636363636362,CIV,Forward,UEFA Champions League,International competitions
David Datro Fofana,David Datro Fofana__22/23,10000000,20,2022,6,344,57.333333333333336,6.47,65.5,66.7,,0.5232558139534884,0.5,0.25,0.5232558139534884,0.0,2.0930232558139537,1.0465116279069768,0.7848837209302325,0.5232558139534884,0.0,4.4476744186046515,9.94186046511628,0.5232558139534884,0.0,0.0,0.5232558139534884,0.2616279069767442,0.0,0.2616279069767442,0.0,0.0,0.5232558139534884,0.5232558139534884,CIV,Forward,UEFA Conference League,International competitions
David Datro Fofana,David Datro Fofana__20/21,400000,18,2020,3,70,23.333333333333332,6.4,73.3,100.0,,1.2857142857142858,0.6666666666666666,0.3333333333333333,1.2857142857142858,0.0,3.857142857142857,2.5714285714285716,1.2857142857142858,2.5714285714285716,0.0,1.2857142857142858,14.142857142857142,1.2857142857142858,,0.0,0.0,0.0,0.0,1.2857142857142858,0.0,1.2857142857142858,1.2857142857142858,,CIV,Forward,UEFA Europa League,International competitions
Diallo Amad,Diallo Amad__24/25,45000000,22,2024,26,1908,73.38461538461539,7.42,85.9,48.1,45.2,0.660377358490566,0.3617021276595745,0.1702127659574468,0.37735849056603776,0.2830188679245283,2.2169811320754715,0.8018867924528302,0.04716981132075472,2.311320754716981,0.330188679245283,1.9339622641509433,34.62264150943396,0.6132075471698113,0.8962264150943396,0.2358490566037736,0.2358490566037736,0.0,0.0,0.6132075471698113,1.7924528301886793,0.5188679245283019,0.9433962264150944,0.4716981132075472,CIV,Midfielder,Premier League,Domestic leagues
Diallo Amad,Diallo Amad__23/24,18000000,21,2023,9,388,43.111111111111114,6.94,88.0,75.0,,0.4639175257731959,0.4,0.1,0.23195876288659795,0.23195876288659795,2.3195876288659796,0.9278350515463918,0.0,2.3195876288659796,0.23195876288659795,2.551546391752577,34.097938144329895,0.6958762886597938,0.0,0.0,0.23195876288659795,0.0,0.0,0.9278350515463918,2.3195876288659796,0.23195876288659795,0.6958762886597938,0.9278350515463918,CIV,Midfielder,Premier League,Domestic leagues
Diallo Amad,Diallo Amad__20/21,18000000,18,2020,3,172,57.333333333333336,6.6,82.5,40.0,,0.5232558139534884,1.0,0.0,0.0,0.5232558139534884,0.5232558139534884,0.5232558139534884,0.0,1.0465116279069768,0.5232558139534884,2.616279069767442,27.209302325581394,1.0465116279069768,,0.0,0.0,0.0,0.0,0.0,1.569767441860465,0.0,0.0,0.5232558139534884,CIV,Midfielder,Premier League,Domestic leagues
Diallo Amad,Diallo Amad__22/23,13000000,20,2022,39,2765,70.8974358974359,7.0,86.0,78.5,16.7,0.5533453887884268,0.4,0.18666666666666668,0.45569620253164556,0.09764918625678119,2.4412296564195297,0.976491862567812,0.19529837251356238,1.3670886075949367,0.1301989150090416,2.4737793851717904,39.2875226039783,2.0180831826401446,0.162748643761302,0.09764918625678119,0.1301989150090416,0.0,0.0,0.6184448462929476,1.139240506329114,0.9113924050632911,0.7486437613019892,0.45569620253164556,CIV,Midfielder,Championship,Domestic leagues
Diallo Amad,Diallo Amad__21/22,18000000,19,2021,10,349,34.9,6.63,87.4,87.5,50.0,0.7736389684813754,0.3333333333333333,0.2,0.7736389684813754,0.0,3.8681948424068766,1.2893982808022924,1.0315186246418337,1.8051575931232091,0.0,2.5787965616045847,35.845272206303726,1.8051575931232091,0.7736389684813754,0.0,0.25787965616045844,0.0,0.0,0.5157593123209169,1.0315186246418337,0.7736389684813754,1.0315186246418337,0.25787965616045844,CIV,Midfielder,Scottish Premiership,Domestic leagues
Diallo Amad,Diallo Amad__20/21,15000000,18,2020,1,13,13.0,6.5,90.0,100.0,,0.0,0.0,0.0,0.0,0.0,6.923076923076923,0.0,0.0,6.923076923076923,0.0,0.0,62.30769230769231,6.923076923076923,,0.0,6.923076923076923,0.0,0.0,0.0,0.0,0.0,6.923076923076923,6.923076923076923,CIV,Midfielder,Serie A,Domestic leagues
Diallo Amad,Diallo Amad__19/20,15000000,17,2019,3,30,10.0,6.95,72.2,,,3.0,1.0,1.0,3.0,0.0,3.0,3.0,0.0,3.0,0.0,3.0,39.0,,0.0,0.0,0.0,0.0,0.0,0.0,3.0,0.0,0.0,,CIV,Midfielder,Serie A,Domestic leagues
Diallo Amad,Diallo Amad__24/25,45000000,22,2024,11,600,54.54545454545455,7.19,87.5,50.0,20.0,0.45,0.3888888888888889,0.1111111111111111,0.3,0.15,2.7,1.05,0.15,1.8,0.45,2.1,35.85,0.6,0.6,0.0,0.15,0.0,0.0,1.2,1.95,0.3,1.35,0.6,CIV,Midfielder,UEFA Europa League,International competitions
Diallo Amad,Diallo Amad__20/21,18000000,18,2020,4,97,24.25,6.83,80.6,,,0.9278350515463918,1.0,1.0,0.9278350515463918,0.0,0.9278350515463918,0.9278350515463918,0.0,0.0,0.0,4.639175257731959,23.195876288659793,0.0,,0.0,0.0,0.0,0.0,0.0,4.639175257731959,2.783505154639175,0.0,0.9278350515463918,CIV,Midfielder,UEFA Europa League,International competitions
Diallo Amad,Diallo Amad__21/22,18000000,19,2021,1,68,68.0,6.6,77.3,100.0,,0.0,0.5,0.0,0.0,0.0,2.6470588235294117,1.3235294117647058,0.0,0.0,0.0,1.3235294117647058,22.5,2.6470588235294117,,0.0,0.0,0.0,0.0,1.3235294117647058,1.3235294117647058,1.3235294117647058,1.3235294117647058,,CIV,Midfielder,UEFA Champions League,International competitions
Diallo Amad,Diallo Amad__20/21,15000000,18,2020,1,22,22.0,6.8,80.0,,,0.0,0.6666666666666666,0.0,0.0,0.0,12.272727272727273,8.181818181818182,4.090909090909091,4.090909090909091,0.0,0.0,32.72727272727273,,,0.0,0.0,0.0,0.0,0.0,0.0,0.0,0.0,8.181818181818182,CIV,Midfielder,UEFA Champions League,International competitions
Emmanuel Agbadou,Emmanuel Agbadou__22/23,6000000,25,2022,29,2389,82.37931034482759,6.96,86.0,56.3,50.0,0.11301799916282963,0.18181818181818182,0.0,0.0,0.11301799916282963,0.8287986605274174,0.1506906655504395,0.037672666387609875,0.48974466303892844,0.18836333193804938,0.301381331100879,48.07032231059021,4.068647969861867,0.037672666387609875,0.26370866471326915,0.18836333193804938,0.11301799916282963,0.0,0.8664713269150273,2.674759313520301,1.205525324403516,0.07534533277521975,2.260359983256593,CIV,Defender,Ligue 1,Domestic leagues
Emmanuel Agbadou,Emmanuel Agbadou__21/22,2500000,24,2021,33,2885,87.42424242424242,7.09,84.2,56.4,,0.1559792027729636,0.25806451612903225,0.16129032258064516,0.1559792027729636,0.0,0.9670710571923743,0.24956672443674177,0.03119584055459272,0.37435008665511266,0.0,0.49913344887348354,43.33102253032929,4.554592720970537,0.0,0.09358752166377816,0.2807625649913345,0.0,0.0,0.5927209705372617,2.246100519930676,1.341421143847487,0.24956672443674177,1.3726169844020797,CIV,Defender,Pro League,Domestic leagues
Emmanuel Agbadou,Emmanuel Agbadou__20/21,1200000,23,2020,23,1986,86.34782608695652,6.79,82.7,50.7,16.7,0.045317220543806644,0.18181818181818182,0.09090909090909091,0.045317220543806644,0.0,0.4984894259818731,0.09063444108761329,0.0,0.5438066465256798,0.09063444108761329,0.6797583081570997,43.00604229607251,3.1722054380664653,0.09063444108761329,0.18126888217522658,0.13595166163141995,0.09063444108761329,0.0,1.042296072507553,1.903323262839879,2.719033232628399,0.18126888217522658,1.7220543806646527,CIV,Defender,Pro League,Domestic leagues
Ibrahim Sangare,Ibrahim Sangare__22/23,35000000,25,2022,29,2303,79.41379310344827,7.24,84.3,61.0,33.3,0.23447676943117673,0.34210526315789475,0.13157894736842105,0.19539730785931395,0.03907946157186279,1.485019539730786,0.5080330004342163,0.0,0.9769865392965696,0.15631784628745116,1.3287016934433349,50.256187581415546,2.9309596178897093,0.19539730785931395,0.23447676943117673,0.19539730785931395,0.0,0.03907946157186279,0.6643508467216674,2.6574033868866698,0.8597481545809813,0.3907946157186279,1.5631784628745116,CIV,Midfielder,Eredivisie,Domestic leagues
Ibrahim Sangare,Ibrahim Sangare__21/22,32000000,24,2021,29,2415,83.27586206896552,7.38,86.1,63.3,54.5,0.18633540372670807,0.3333333333333333,0.07142857142857142,0.11180124223602485,0.07453416149068323,1.565217391304348,0.5217391304347826,0.2236024844720497,0.8198757763975155,0.14906832298136646,1.7515527950310559,65.1055900621118,2.5714285714285716,0.2236024844720497,0.2236024844720497,0.14906832298136646,0.0,0.037267080745341616,1.0807453416149069,3.540372670807453,2.7577639751552794,0.40993788819875776,1.453416149068323,CIV,Midfielder,Eredivisie,Domestic leagues
Ibrahim Sangare,Ibrahim Sangare__20/21,10000000,23,2020,29,2285,78.79310344827586,7.31,85.8,61.1,28.6,0.0787746170678337,0.16666666666666666,0.041666666666666664,0.03938730853391685,0.03938730853391685,0.9452954048140044,0.1575492341356674,0.03938730853391685,0.8271334792122538,0.03938730853391685,1.4179431072210065,63.925601750547045,3.466083150984683,0.0787746170678337,0.1575492341356674,0.27571115973741794,0.0,0.0,0.9059080962800875,3.9781181619256016,2.402625820568928,0.3150984682713348,2.560175054704595,CIV,Midfielder,Eredivisie,Domestic leagues
Ibrahim Sangare,Ibrahim Sangare__20/21,9500000,23,2020,2,180,90.0,7.05,77.9,45.8,25.0,0.0,0.0,0.0,0.0,0.0,1.0,0.0,0.0,1.0,0.0,1.5,60.0,5.5,0.5,0.0,0.5,0.0,0.0,2.0,4.0,2.5,0.5,1.0,CIV,Midfielder,Ligue 2,Domestic leagues
Ibrahim Sangare,Ibrahim Sangare__19/20,9500000,22,2019,25,2177,87.08,6.86,78.7,51.1,13.6,0.04134129536058796,0.22727272727272727,0.0,0.0,0.04134129536058796,0.9095084979329352,0.20670647680293983,0.08268259072117592,1.157556270096463,0.04134129536058796,1.240238860817639,41.13458888378503,3.720716582452917,0.1240238860817639,0.08268259072117592,0.3307303628847037,0.0,0.08268259072117592,1.6949931097841067,3.472668810289389,1.6123105190629305,0.3307303628847037,1.9016995865870463,CIV,Midfielder,Ligue 1,Domestic leagues
Ibrahim Sangare,Ibrahim Sangare__18/19,15000000,21,2018,28,2466,88.07142857142857,7.07,79.6,49.8,9.1,0.145985401459854,0.16216216216216217,0.02702702702702703,0.0364963503649635,0.10948905109489052,1.3503649635036497,0.21897810218978103,0.072992700729927,0.7299270072992701,0.10948905109489052,1.8248175182481752,44.01459854014598,4.014598540145985,0.0364963503649635,0.25547445255474455,0.25547445255474455,0.0,0.0364963503649635,1.1313868613138687,3.7226277372262775,1.0583941605839415,0.21897810218978103,1.4233576642335766,CIV,Midfielder,Ligue 1,Domestic leagues
Ibrahim Sangare,Ibrahim Sangare__17/18,10000000,20,2017,22,1769,80.4090909090909,6.93,75.5,51.6,13.3,0.15262860373092144,0.2608695652173913,0.043478260869565216,0.05087620124364047,0.10175240248728094,1.170152628603731,0.30525720746184287,0.0,0.966647823629169,0.10175240248728094,1.628038439796495,35.20633126059921,4.171848501978519,0.10175240248728094,0.30525720746184287,0.30525720746184287,0.0,0.0,2.1876766534765406,3.968343697003957,1.2719050310910118,0.15262860373092144,1.5771622385528548,CIV,Midfielder,Ligue 1,Domestic leagues
Ibrahim Sangare,Ibrahim Sangare__16/17,400000,19,2016,5,262,52.4,7.18,69.7,33.3,,0.0,0.5,0.0,0.0,0.0,0.6870229007633588,0.3435114503816794,0.0,0.3435114503816794,0.0,1.3740458015267176,26.106870229007633,1.717557251908397,0.0,0.3435114503816794,0.3435114503816794,0.0,0.0,2.0610687022900764,7.213740458015267,2.7480916030534353,0.0,1.3740458015267176,CIV,Midfielder,Ligue 1,Domestic leagues
Ibrahim Sangare,Ibrahim Sangare__22/23,35000000,25,2022,4,378,94.5,7.23,77.4,40.9,,0.23809523809523808,0.3333333333333333,0.3333333333333333,0.23809523809523808,0.0,0.7142857142857143,0.23809523809523808,0.0,0.23809523809523808,0.0,1.4285714285714286,40.0,2.142857142857143,0.0,0.0,0.23809523809523808,0.0,0.0,0.9523809523809523,4.523809523809524,1.1904761904761905,0.0,0.7142857142857143,CIV,Midfielder,UEFA Champions League,International competitions
Ibrahim Sangare,Ibrahim Sangare__21/22,32000000,24,2021,6,540,90.0,7.2,85.9,47.8,,0.0,0.4,0.0,0.0,0.0,0.8333333333333334,0.3333333333333333,0.0,1.1666666666666667,0.0,1.0,62.0,1.8333333333333333,,0.5,0.0,0.0,0.0,1.3333333333333333,3.3333333333333335,2.3333333333333335,0.16666666666666666,2.1666666666666665,CIV,Midfielder,UEFA Champions League,International competitions
Ibrahim Sangare,Ibrahim Sangare__22/23,35000000,25,2022,6,513,85.5,7.33,84.2,56.5,,0.3508771929824561,0.4,0.2,0.17543859649122806,0.17543859649122806,0.8771929824561403,0.3508771929824561,0.0,1.0526315789473684,0.0,1.2280701754385965,38.421052631578945,2.280701754385965,,0.17543859649122806,0.0,0.0,0.0,1.2280701754385965,3.8596491228070176,0.8771929824561403,0.0,0.7017543859649122,CIV,Midfielder,UEFA Europa League,International competitions
Ibrahim Sangare,Ibrahim Sangare__21/22,32000000,24,2021,4,343,85.75,6.98,83.7,47.4,,0.26239067055393583,0.3333333333333333,0.3333333333333333,0.26239067055393583,0.0,0.7871720116618076,0.26239067055393583,0.0,0.7871720116618076,0.0,1.3119533527696794,56.41399416909621,2.361516034985423,,0.5247813411078717,0.5247813411078717,0.5247813411078717,0.0,0.7871720116618076,3.673469387755102,1.836734693877551,0.0,1.5743440233236152,CIV,Midfielder,UEFA Europa League,International competitions
Ibrahim Sangare,Ibrahim Sangare__20/21,9500000,23,2020,7,558,79.71428571428571,7.03,82.6,55.2,,0.16129032258064516,0.0,0.0,0.0,0.16129032258064516,0.4838709677419355,0.0,0.0,0.6451612903225806,0.16129032258064516,1.6129032258064515,51.12903225806452,2.5806451612903225,0.0,0.16129032258064516,0.4838709677419355,0.0,0.0,1.935483870967742,3.225806451612903,2.2580645161290325,0.16129032258064516,2.903225806451613,CIV,Midfielder,UEFA Europa League,International competitions
Ibrahim Sangare,Ibrahim Sangare__21/22,32000000,24,2021,5,443,88.6,7.22,85.3,72.4,,0.0,0.0,0.0,0.0,0.0,0.6094808126410836,0.0,0.0,0.6094808126410836,0.20316027088036118,2.234762979683973,56.681715575620764,4.266365688487585,,0.40632054176072235,0.0,0.0,0.0,1.0158013544018059,3.250564334085779,1.8284424379232507,0.20316027088036118,1.0158013544018059,CIV,Midfielder,UEFA Conference League,International competitions
Iliman Ndiaye,Iliman Ndiaye__24/25,22000000,24,2024,33,2440,73.93939393939394,7.04,84.9,68.2,26.3,0.3319672131147541,0.4864864864864865,0.24324324324324326,0.3319672131147541,0.0,1.3647540983606556,0.6639344262295082,0.11065573770491803,0.6639344262295082,0.11065573770491803,2.5081967213114753,21.651639344262296,0.5532786885245902,0.36885245901639346,0.2581967213114754,0.11065573770491803,0.0,0.036885245901639344,0.9959016393442623,1.9549180327868851,0.7377049180327869,0.36885245901639346,0.29508196721311475,SEN,Midfielder,Premier League,Domestic leagues
Iliman Ndiaye,Iliman Ndiaye__23/24,18000000,23,2023,30,1625,54.166666666666664,6.9,85.1,41.7,16.7,0.3323076923076923,0.2571428571428571,0.08571428571428572,0.16615384615384615,0.16615384615384615,1.9384615384615385,0.49846153846153846,0.27692307692307694,1.2184615384615385,0.22153846153846155,2.436923076923077,25.532307692307693,0.27692307692307694,0.16615384615384615,0.0,0.0,0.055384615384615386,0.0,0.9969230769230769,1.1630769230769231,0.3323076923076923,0.6092307692307692,0.38769230769230767,SEN,Midfielder,Ligue 1,Domestic leagues
Iliman Ndiaye,Iliman Ndiaye__22/23,7000000,22,2022,46,3715,80.76086956521739,7.11,82.3,48.0,6.3,0.5814266487213997,0.44285714285714284,0.2,0.3391655450874832,0.24226110363391656,1.695827725437416,0.7510094212651414,0.24226110363391656,1.2355316285329745,0.24226110363391656,2.7133243606998656,20.66487213997308,0.29071332436069985,0.024226110363391656,0.19380888290713325,0.14535666218034993,0.0,0.0,0.5329744279946165,1.695827725437416,0.5087483176312247,0.4845222072678331,0.4360699865410498,SEN,Midfielder,Championship,Domestic leagues
Iliman Ndiaye,Iliman Ndiaye__21/22,700000,21,2021,32,2055,64.21875,6.75,81.2,33.3,16.7,0.39416058394160586,0.47619047619047616,0.16666666666666666,0.30656934306569344,0.08759124087591241,1.8394160583941606,0.8759124087591241,0.39416058394160586,1.051094890510949,0.0,1.927007299270073,26.89051094890511,0.21897810218978103,0.08759124087591241,0.0,0.17518248175182483,0.0,0.0,0.8321167883211679,2.3649635036496353,0.35036496350364965,0.6131386861313869,0.6131386861313869,SEN,Midfielder,Championship,Domestic leagues
Iliman Ndiaye,Iliman Ndiaye__23/24,18000000,23,2023,14,714,51.0,6.73,84.3,83.3,20.0,0.12605042016806722,0.3125,0.0625,0.12605042016806722,0.0,2.0168067226890756,0.6302521008403361,0.5042016806722689,0.37815126050420167,0.0,2.773109243697479,21.680672268907564,0.6302521008403361,0.12605042016806722,0.0,0.0,0.0,0.0,0.7563025210084033,0.7563025210084033,0.12605042016806722,0.37815126050420167,0.25210084033613445,SEN,Midfielder,UEFA Europa League,International competitions
Iliman Ndiaye,Iliman Ndiaye__23/24,18000000,23,2023,2,143,71.5,6.9,63.6,100.0,,0.0,0.3333333333333333,0.0,0.0,0.0,1.8881118881118881,0.6293706293706294,0.0,0.6293706293706294,0.0,4.405594405594406,13.216783216783217,1.2587412587412588,0.0,0.0,0.6293706293706294,0.0,0.0,0.6293706293706294,0.6293706293706294,0.0,0.6293706293706294,0.6293706293706294,SEN,Midfielder,UEFA Champions League,International competitions
Ismaila Sarr,Ismaila Sarr__21/22,27000000,23,2021,22,1864,84.72727272727273,6.77,77.5,63.2,14.8,0.33798283261802575,0.425,0.125,0.24141630901287553,0.09656652360515021,1.9313304721030042,0.8208154506437768,0.19313304721030042,1.0139484978540771,0.24141630901287553,1.6416309012875536,15.450643776824034,0.5793991416309013,0.434549356223176,0.048283261802575105,0.09656652360515021,0.0,0.0,0.6759656652360515,0.5793991416309013,0.434549356223176,0.24141630901287553,0.48283261802575106,SEN,Forward,Premier League,Domestic leagues
Ismaila Sarr,Ismaila Sarr__19/20,27000000,21,2019,28,2028,72.42857142857143,6.66,81.5,88.9,18.2,0.3994082840236686,0.29545454545454547,0.11363636363636363,0.22189349112426035,0.17751479289940827,1.952662721893491,0.5769230769230769,0.26627218934911245,1.1094674556213018,0.3994082840236686,2.0857988165680474,17.79585798816568,0.35502958579881655,0.7988165680473372,0.08875739644970414,0.04437869822485207,0.0,0.0,0.7988165680473372,0.4881656804733728,0.7988165680473372,0.621301775147929,0.8431952662721893,SEN,Forward,Premier League,Domestic leagues
Ismaila Sarr,Ismaila Sarr__23/24,20000000,25,2023,23,1448,62.95652173913044,7.04,80.9,25.0,15.8,0.4350828729281768,0.4,0.12,0.18646408839779005,0.24861878453038674,1.5538674033149171,0.6215469613259669,0.18646408839779005,1.2430939226519337,0.24861878453038674,0.8701657458563536,22.12707182320442,0.24861878453038674,0.3729281767955801,0.0,0.062154696132596686,0.0,0.0,0.6837016574585635,0.8701657458563536,0.8080110497237569,0.31077348066298344,1.367403314917127,SEN,Forward,Ligue 1,Domestic leagues
Ismaila Sarr,Ismaila Sarr__18/19,20000000,20,2018,35,2794,79.82857142857142,6.89,76.5,39.1,26.1,0.4509663564781675,0.3888888888888889,0.14814814814814814,0.25769506084466715,0.19327129563350035,1.7394416607015033,0.6764495347172512,0.06442376521116679,1.2562634216177524,0.3543307086614173,1.9971367215461704,17.072297780959197,0.28990694345025053,0.3865425912670007,0.28990694345025053,0.19327129563350035,0.0,0.0,0.5476020042949177,1.1596277738010021,0.4831782390837509,0.3543307086614173,0.740873299928418,SEN,Forward,Ligue 1,Domestic leagues
Ismaila Sarr,Ismaila Sarr__17/18,14000000,19,2017,24,1864,77.66666666666667,6.83,79.7,37.5,14.3,0.38626609442060084,0.36585365853658536,0.12195121951219512,0.24141630901287553,0.14484978540772533,1.9796137339055795,0.7242489270386266,0.24141630901287553,0.869098712446352,0.28969957081545067,3.0901287553648067,15.49892703862661,0.14484978540772533,0.24141630901287553,0.14484978540772533,0.09656652360515021,0.0,0.048283261802575105,1.0622317596566524,0.9656652360515021,0.434549356223176,0.5793991416309013,0.5311158798283262,SEN,Forward,Ligue 1,Domestic leagues
Ismaila Sarr,Ismaila Sarr__16/17,1500000,18,2016,31,1939,62.54838709677419,6.56,69.5,43.5,11.3,0.2784940691077875,0.39285714285714285,0.17857142857142858,0.23207839092315627,0.04641567818463126,1.2996389891696751,0.5105724600309438,0.09283135636926251,1.11397627643115,0.23207839092315627,2.4600309437854566,14.156781846312532,0.46415678184631254,0.37132542547705005,0.13924703455389376,0.09283135636926251,0.0,0.0,0.9283135636926251,1.2068076328004125,1.1603919546157813,0.23207839092315627,1.1603919546157813,SEN,Forward,Ligue 1,Domestic leagues
Ismaila Sarr,Ismaila Sarr__22/23,22000000,24,2022,39,3175,81.41025641025641,6.81,79.1,52.0,21.4,0.4818897637795276,0.37037037037037035,0.12345679012345678,0.28346456692913385,0.1984251968503937,2.296062992125984,0.8503937007874016,0.36850393700787404,1.020472440944882,0.1984251968503937,1.5023622047244094,17.461417322834645,0.36850393700787404,0.4251968503937008,0.05669291338582677,0.0,0.0,0.0,0.45354330708661417,0.4818897637795276,0.4251968503937008,0.6519685039370079,0.7086614173228346,SEN,Forward,Championship,Domestic leagues
Ismaila Sarr,Ismaila Sarr__20/21,20000000,22,2020,39,3462,88.76923076923077,7.21,78.9,68.1,11.3,0.44194107452339687,0.37209302325581395,0.1511627906976744,0.3379549393414211,0.10398613518197573,2.235701906412478,0.8318890814558059,0.10398613518197573,1.117850953206239,0.28596187175043325,1.8977469670710572,20.823223570190642,0.8318890814558059,0.44194107452339687,0.389948006932409,0.12998266897746968,0.0,0.0,0.5719237435008665,0.8838821490467937,0.5459272097053726,0.5459272097053726,0.6499133448873483,SEN,Forward,Championship,Domestic leagues
Ismaila Sarr,Ismaila Sarr__23/24,20000000,25,2023,10,433,43.3,6.94,80.5,75.0,,0.41570438799076215,0.5833333333333334,0.16666666666666666,0.41570438799076215,0.0,2.4942263279445727,1.4549653579676673,0.6235565819861432,1.0392609699769053,0.0,1.2471131639722863,18.914549653579677,0.6235565819861432,0.0,0.20785219399538107,0.8314087759815243,0.0,0.0,0.20785219399538107,1.0392609699769053,0.20785219399538107,0.41570438799076215,1.8706697459584296,SEN,Forward,UEFA Europa League,International competitions
Ismaila Sarr,Ismaila Sarr__18/19,20000000,20,2018,9,734,81.55555555555556,7.1,78.6,100.0,,0.7356948228882834,0.42857142857142855,0.19047619047619047,0.4904632152588556,0.2452316076294278,2.5749318801089918,1.103542234332425,0.2452316076294278,1.8392370572207084,0.1226158038147139,1.5940054495912805,18.024523160762943,0.2452316076294278,0.0,0.1226158038147139,0.1226158038147139,0.0,0.0,0.1226158038147139,0.4904632152588556,0.2452316076294278,0.9809264305177112,0.4904632152588556,SEN,Forward,UEFA Europa League,International competitions
Ismaila Sarr,Ismaila Sarr__23/24,20000000,25,2023,2,195,97.5,7.3,68.3,100.0,,0.46153846153846156,1.0,0.0,0.0,0.46153846153846156,0.46153846153846156,0.46153846153846156,0.0,0.46153846153846156,0.46153846153846156,1.8461538461538463,12.923076923076923,0.46153846153846156,0.0,0.0,0.0,0.0,0.0,0.46153846153846156,0.46153846153846156,0.9230769230769231,0.0,,SEN,Forward,UEFA Champions League,International competitions
Joe Aribo,Joe Aribo__21/22,10000000,25,2021,34,2695,79.26470588235294,7.07,82.1,44.7,13.0,0.43413729128014844,0.32727272727272727,0.14545454545454545,0.26716141001855287,0.16697588126159554,1.836734693877551,0.601113172541744,0.10018552875695733,2.037105751391466,0.300556586270872,1.6029684601113172,37.4025974025974,0.5677179962894249,0.10018552875695733,0.300556586270872,0.16697588126159554,0.0,0.0,0.7012987012987013,1.7699443413729128,0.5009276437847866,0.7346938775510204,2.3376623376623376,NGR,Midfielder,Scottish Premiership,Domestic leagues
Joe Aribo,Joe Aribo__20/21,6500000,24,2020,31,2275,73.38709677419355,7.13,84.2,39.0,9.1,0.4351648351648352,0.3958333333333333,0.14583333333333334,0.27692307692307694,0.15824175824175823,1.8989010989010988,0.7516483516483516,0.07912087912087912,1.4637362637362636,0.27692307692307694,2.3736263736263736,43.3978021978022,0.6329670329670329,0.07912087912087912,0.31648351648351647,0.0,0.0,0.0,0.7120879120879121,1.7802197802197801,1.1472527472527472,0.7912087912087912,1.7406593406593407,NGR,Midfielder,Scottish Premiership,Domestic leagues
Joe Aribo,Joe Aribo__19/20,1000000,23,2019,24,1914,79.75,7.05,85.4,50.0,4.5,0.4231974921630094,0.29411764705882354,0.08823529411764706,0.14106583072100312,0.28213166144200624,1.598746081504702,0.4702194357366771,0.23510971786833856,1.9278996865203761,0.18808777429467086,2.8683385579937304,38.41692789968652,0.5172413793103449,0.047021943573667714,0.329153605015674,0.047021943573667714,0.0,0.0,0.8463949843260188,1.2225705329153604,0.7523510971786834,0.5172413793103449,2.1630094043887147,NGR,Midfielder,Scottish Premiership,Domestic leagues
Joe Aribo,Joe Aribo__21/22,10000000,25,2021,15,1111,74.06666666666666,6.97,77.8,,25.0,0.324032403240324,0.11538461538461539,0.038461538461538464,0.081008100810081,0.24302430243024303,2.106210621062106,0.24302430243024303,0.24302430243024303,1.8631863186318631,0.5670567056705671,1.8631863186318631,27.299729972997298,0.0,0.081008100810081,0.081008100810081,0.24302430243024303,0.0,0.0,0.648064806480648,1.6201620162016201,0.9720972097209721,0.8910891089108911,2.6732673267326734,NGR,Midfielder,UEFA Europa League,International competitions
Joe Aribo,Joe Aribo__20/21,6500000,24,2020,9,565,62.77777777777778,6.54,82.5,40.0,,0.1592920353982301,0.16666666666666666,0.16666666666666666,0.1592920353982301,0.0,0.9557522123893806,0.1592920353982301,0.3185840707964602,1.4336283185840708,0.0,1.1150442477876106,26.283185840707965,0.3185840707964602,0.0,0.1592920353982301,0.1592920353982301,0.0,0.0,0.9557522123893806,1.4336283185840708,0.4778761061946903,0.1592920353982301,0.9557522123893806,NGR,Midfielder,UEFA Europa League,International competitions
Joe Aribo,Joe Aribo__19/20,1000000,23,2019,8,321,40.125,6.76,70.9,25.0,33.3,0.2803738317757009,0.16666666666666666,0.16666666666666666,0.2803738317757009,0.0,1.6822429906542056,0.2803738317757009,0.0,0.8411214953271028,0.2803738317757009,3.0841121495327104,21.869158878504674,0.2803738317757009,0.2803738317757009,0.0,0.2803738317757009,0.0,0.0,0.8411214953271028,1.9626168224299065,0.5607476635514018,0.5607476635514018,2.2429906542056073,NGR,Midfielder,UEFA Europa League,International competitions
Jordan Ayew,Jordan Ayew__16/17,7500000,25,2016,14,863,61.642857142857146,6.7,83.8,80.0,26.3,0.4171494785631518,0.5,0.08333333333333333,0.10428736964078796,0.3128621089223638,1.2514484356894553,0.6257242178447276,0.0,0.6257242178447276,0.2085747392815759,2.190034762456547,20.96176129779838,0.4171494785631518,0.5214368482039398,0.4171494785631518,0.10428736964078796,0.0,0.0,1.1471610660486675,1.4600231749710313,0.7300115874855156,0.2085747392815759,0.7300115874855156,GHA,Forward,Premier League,Domestic leagues
Jordan Ayew,Jordan Ayew__15/16,7500000,24,2015,30,2352,78.4,6.73,80.9,55.2,14.0,0.26785714285714285,0.3559322033898305,0.11864406779661017,0.26785714285714285,0.0,2.25765306122449,0.8035714285714286,0.03826530612244898,0.6887755102040817,0.15306122448979592,2.8698979591836733,24.757653061224488,0.6122448979591837,0.22959183673469388,0.11479591836734694,0.22959183673469388,0.03826530612244898,0.0,0.8418367346938775,1.530612244897959,0.8801020408163265,0.8035714285714286,2.3341836734693877,GHA,Forward,Premier League,Domestic leagues
Jordan Ayew,Jordan Ayew__16/17,7500000,25,2016,21,1528,72.76190476190476,7.07,84.8,57.5,29.1,0.35340314136125656,0.22916666666666666,0.041666666666666664,0.11780104712041885,0.2356020942408377,2.8272251308900525,0.6479057591623036,0.058900523560209424,1.7670157068062826,0.29450261780104714,2.886125654450262,27.918848167539267,1.3547120418848169,1.4725130890052356,0.17670157068062828,0.29450261780104714,0.0,0.0,1.236910994764398,2.532722513089005,1.649214659685864,0.8835078534031413,0.5301047120418848,GHA,Forward,Championship,Domestic leagues
Kamaldeen Sulemana,Kamaldeen Sulemana__24/25,13000000,22,2024,26,1427,54.88461538461539,6.61,83.8,53.8,30.8,0.12613875262789068,0.27586206896551724,0.034482758620689655,0.06306937631394534,0.06306937631394534,1.829011913104415,0.5045550105115627,0.12613875262789068,0.6306937631394534,0.18920812894183603,2.459705676243868,17.34407848633497,0.4414856341976174,0.5045550105115627,0.0,0.12613875262789068,0.0,0.0,0.3153468815697267,1.3875262789067975,0.37841625788367206,0.8199018920812894,0.8199018920812894,GHA,Forward,Premier League,Domestic leagues
Kamaldeen Sulemana,Kamaldeen Sulemana__22/23,22000000,20,2022,18,967,53.72222222222222,6.71,76.2,52.6,11.1,0.2792140641158221,0.2916666666666667,0.08333333333333333,0.18614270941054809,0.09307135470527404,2.233712512926577,0.6514994829369183,0.09307135470527404,1.3029989658738366,0.18614270941054809,3.3505687693898656,17.311271975180972,0.9307135470527405,0.18614270941054809,0.0,0.09307135470527404,0.0,0.0,0.9307135470527405,1.3960703205791107,0.5584281282316442,0.4653567735263702,0.4653567735263702,GHA,Forward,Premier League,Domestic leagues
Kamaldeen Sulemana,Kamaldeen Sulemana__23/24,22000000,21,2023,25,969,38.76,6.86,87.5,73.3,20.7,0.2786377708978328,0.4444444444444444,0.0,0.0,0.2786377708978328,1.671826625386997,0.7430340557275542,0.18575851393188855,1.4860681114551084,0.2786377708978328,5.108359133126935,30.0,1.021671826625387,0.5572755417956656,0.0,0.3715170278637771,0.09287925696594428,0.09287925696594428,0.5572755417956656,1.1145510835913313,0.5572755417956656,0.46439628482972134,0.09287925696594428,GHA,Forward,Championship,Domestic leagues
Kamaldeen Sulemana,Kamaldeen Sulemana__22/23,18000000,20,2022,14,331,23.642857142857142,6.63,85.7,55.6,40.0,0.2719033232628399,0.3076923076923077,0.07692307692307693,0.2719033232628399,0.0,3.5347432024169185,1.0876132930513596,0.8157099697885196,1.6314199395770392,0.5438066465256798,4.078549848942598,32.62839879154078,1.3595166163141994,1.0876132930513596,0.0,0.2719033232628399,0.0,0.0,1.0876132930513596,1.6314199395770392,1.0876132930513596,1.0876132930513596,1.0876132930513596,GHA,Forward,Ligue 1,Domestic leagues
Kamaldeen Sulemana,Kamaldeen Sulemana__21/22,20000000,19,2021,20,1016,50.8,6.95,80.3,78.1,28.6,0.531496062992126,0.3076923076923077,0.15384615384615385,0.3543307086614173,0.17716535433070865,2.3031496062992125,0.7086614173228346,0.17716535433070865,1.9488188976377954,0.265748031496063,4.783464566929134,22.765748031496063,2.2145669291338583,0.7086614173228346,0.08858267716535433,0.265748031496063,0.0,0.0,0.6200787401574803,2.0374015748031495,0.3543307086614173,0.6200787401574803,0.44291338582677164,GHA,Forward,Ligue 1,Domestic leagues
Kamaldeen Sulemana,Kamaldeen Sulemana__20/21,3000000,18,2020,29,2474,85.3103448275862,7.06,82.4,53.5,17.1,0.5092966855295069,0.4157303370786517,0.11235955056179775,0.36378334680679064,0.14551333872271624,3.2376717865804365,1.3459983831851252,0.21827000808407437,0.8367016976556184,0.07275666936135812,4.401778496362167,18.007275666936135,0.8367016976556184,0.25464834276475345,0.03637833468067906,0.2910266774454325,0.03637833468067906,0.0,0.43654001616814875,1.3823767178658044,0.2910266774454325,0.9822150363783346,0.40016168148746967,GHA,Forward,Danish Superliga,Domestic leagues
Kamaldeen Sulemana,Kamaldeen Sulemana__19/20,100000,17,2019,13,581,44.69230769230769,6.79,85.6,14.3,15.8,0.6196213425129088,0.47368421052631576,0.21052631578947367,0.6196213425129088,0.0,2.9432013769363166,1.3941480206540446,0.46471600688468157,0.6196213425129088,0.0,5.266781411359725,20.292598967297764,0.1549053356282272,0.46471600688468157,0.0,0.774526678141136,0.0,0.0,1.0843373493975903,1.3941480206540446,0.1549053356282272,0.6196213425129088,0.6196213425129088,GHA,Forward,Danish Superliga,Domestic leagues
Kamaldeen Sulemana,Kamaldeen Sulemana__22/23,22000000,20,2022,4,191,47.75,6.35,71.7,66.7,33.3,0.9424083769633508,0.3333333333333333,0.0,0.0,0.9424083769633508,2.8272251308900525,0.9424083769633508,0.0,1.8848167539267016,0.0,2.8272251308900525,15.549738219895287,0.9424083769633508,0.4712041884816754,0.0,0.0,0.0,0.4712041884816754,1.4136125654450262,1.8848167539267016,1.4136125654450262,0.4712041884816754,1.4136125654450262,GHA,Forward,UEFA Europa League,International competitions
Kamaldeen Sulemana,Kamaldeen Sulemana__21/22,20000000,19,2021,5,284,56.8,6.92,80.5,80.0,23.1,0.31690140845070425,0.125,0.0625,0.31690140845070425,0.0,5.070422535211268,0.6338028169014085,0.6338028169014085,0.9507042253521126,0.0,4.753521126760563,19.64788732394366,1.267605633802817,0.9507042253521126,0.0,0.31690140845070425,0.0,0.0,0.6338028169014085,1.267605633802817,0.0,0.9507042253521126,0.6338028169014085,GHA,Forward,UEFA Conference League,International competitions
Lamptey Tariq,Lamptey Tariq__24/25,11000000,24,2024,15,869,57.93333333333333,6.59,87.0,28.0,25.0,0.4142692750287687,0.3333333333333333,0.3333333333333333,0.20713463751438435,0.20713463751438435,0.6214039125431531,0.20713463751438435,0.0,0.5178365937859609,0.20713463751438435,1.0356731875719218,29.205983889528195,0.7249712313003452,0.7249712313003452,0.10356731875719218,0.0,0.0,0.0,1.6570771001150748,1.760644418872267,0.7249712313003452,0.0,0.10356731875719218,GHA,Defender,Premier League,Domestic leagues
Lamptey Tariq,Lamptey Tariq__23/24,12000000,23,2023,19,919,48.36842105263158,6.65,87.9,63.6,29.0,0.29379760609357997,0.0,0.0,0.0,0.29379760609357997,0.5875952121871599,0.0,0.09793253536452666,0.9793253536452666,0.09793253536452666,0.5875952121871599,31.926006528835693,0.6855277475516867,0.8813928182807399,0.0,0.29379760609357997,0.0,0.0,0.8813928182807399,2.05658324265506,0.5875952121871599,0.39173014145810664,0.39173014145810664,GHA,Defender,Premier League,Domestic leagues
Lamptey Tariq,Lamptey Tariq__22/23,12000000,22,2022,20,452,22.6,6.61,86.2,80.0,16.1,0.0,0.0,0.0,0.0,0.0,0.995575221238938,0.0,0.0,0.7964601769911505,0.0,1.592920353982301,39.823008849557525,0.7964601769911505,0.995575221238938,0.0,0.19911504424778761,0.0,0.0,0.39823008849557523,2.190265486725664,1.3938053097345133,0.19911504424778761,0.39823008849557523,GHA,Defender,Premier League,Domestic leagues
Lamptey Tariq,Lamptey Tariq__21/22,18000000,21,2021,30,1564,52.13333333333333,6.77,85.9,30.0,20.4,0.11508951406649616,0.21052631578947367,0.0,0.0,0.11508951406649616,1.0933503836317136,0.23017902813299232,0.05754475703324808,1.2084398976982098,0.2877237851662404,1.6687979539641944,30.383631713554987,0.3452685421994885,1.0933503836317136,0.17263427109974425,0.23017902813299232,0.0,0.0,0.5754475703324808,2.071611253196931,1.1508951406649617,0.23017902813299232,0.40281329923273657,GHA,Defender,Premier League,Domestic leagues
Lamptey Tariq,Lamptey Tariq__20/21,18000000,20,2020,11,890,80.9090909090909,6.85,78.1,22.2,29.4,0.20224719101123595,0.3333333333333333,0.16666666666666666,0.10112359550561797,0.10112359550561797,0.6067415730337079,0.20224719101123595,0.10112359550561797,1.0112359550561798,0.20224719101123595,1.3146067415730338,29.528089887640448,0.4044943820224719,1.0112359550561798,0.10112359550561797,0.30337078651685395,0.10112359550561797,0.0,0.7078651685393258,1.7191011235955056,1.9213483146067416,0.30337078651685395,0.5056179775280899,GHA,Defender,Premier League,Domestic leagues
Lamptey Tariq,Lamptey Tariq__19/20,8000000,19,2019,9,620,68.88888888888889,6.8,84.3,16.7,13.0,0.14516129032258066,0.0,0.0,0.0,0.14516129032258066,0.2903225806451613,0.0,0.0,1.1612903225806452,0.43548387096774194,2.1774193548387095,21.774193548387096,0.2903225806451613,0.43548387096774194,0.14516129032258066,0.2903225806451613,0.0,0.0,1.0161290322580645,1.3064516129032258,2.3225806451612905,0.14516129032258066,0.43548387096774194,GHA,Defender,Premier League,Domestic leagues
Lamptey Tariq,Lamptey Tariq__23/24,12000000,23,2023,1,65,65.0,,1.0,0.0,0.0,1.3846153846153846,,,0.0,1.3846153846153846,,,0.0,0.0,0.0,0.0,1.3846153846153846,1.3846153846153846,0.0,0.0,0.0,0.0,0.0,0.0,0.0,0.0,,,GHA,Defender,"Premier League 2, Division 1",Domestic leagues
Lamptey Tariq,Lamptey Tariq__23/24,12000000,23,2023,4,276,69.0,6.78,90.1,75.0,10.0,0.0,0.0,0.0,0.0,0.0,0.9782608695652174,0.0,0.0,0.6521739130434783,0.0,0.9782608695652174,29.67391304347826,1.9565217391304348,0.32608695652173914,0.0,0.6521739130434783,0.0,0.0,0.9782608695652174,1.3043478260869565,2.608695652173913,0.0,0.32608695652173914,GHA,Defender,UEFA Europa League,International competitions
Marshall Munetsi,Marshall Munetsi__21/22,4000000,25,2021,24,1885,78.54166666666667,6.99,79.7,54.4,,0.2864721485411141,0.4375,0.15625,0.23872679045092837,0.04774535809018567,1.5278514588859415,0.6684350132625995,0.14323607427055704,0.33421750663129973,0.04774535809018567,0.3819628647214854,25.448275862068964,2.339522546419098,0.0,0.1909814323607427,0.3819628647214854,0.0,0.0,1.0503978779840848,1.623342175066313,2.053050397877984,0.1909814323607427,2.816976127320955,ZIM,Midfielder,Ligue 1,Domestic leagues
Marshall Munetsi,Marshall Munetsi__20/21,2500000,24,2020,27,1932,71.55555555555556,6.83,83.5,55.1,20.0,0.046583850931677016,0.25,0.08333333333333333,0.046583850931677016,0.0,0.5590062111801242,0.13975155279503104,0.046583850931677016,0.37267080745341613,0.0,0.6987577639751553,32.46894409937888,2.515527950310559,0.046583850931677016,0.18633540372670807,0.32608695652173914,0.046583850931677016,0.09316770186335403,0.9316770186335404,1.6304347826086956,2.6552795031055902,0.13975155279503104,2.6552795031055902,ZIM,Midfielder,Ligue 1,Domestic leagues
Marshall Munetsi,Marshall Munetsi__19/20,800000,23,2019,17,846,49.76470588235294,6.64,77.5,51.2,33.3,0.2127659574468085,0.0,0.0,0.0,0.2127659574468085,0.425531914893617,0.0,0.0,0.5319148936170213,0.2127659574468085,1.5957446808510638,31.06382978723404,2.3404255319148937,0.2127659574468085,0.2127659574468085,0.3191489361702128,0.0,0.0,0.6382978723404256,2.872340425531915,1.2765957446808511,0.10638297872340426,3.404255319148936,ZIM,Midfielder,Ligue 1,Domestic leagues
Marshall Munetsi,Marshall Munetsi__18/19,450000,22,2018,2,180,90.0,7.35,88.8,55.6,,0.0,0.0,0.0,0.0,0.0,0.5,0.0,0.0,0.0,0.0,0.5,51.5,5.0,,1.0,0.0,0.0,0.0,0.0,0.5,0.5,0.0,4.5,ZIM,Midfielder,CAF Champions League,International competitions
Martial Godo,Martial Godo__24/25,600000,21,2024,2,32,16.0,6.6,71.4,,,0.0,,,0.0,0.0,,,0.0,2.8125,0.0,2.8125,28.125,,0.0,0.0,0.0,0.0,0.0,0.0,0.0,2.8125,,,CIV,Forward,Premier League,Domestic leagues
Martial Godo,Martial Godo__24/25,600000,21,2024,5,480,96.0,,5.0,0.0,0.0,0.5625,,,0.5625,0.0,,,0.0,0.0,0.0,0.0,0.9375,0.0,0.0,0.0,0.375,0.0,0.0,0.0,0.0,0.0,,,CIV,Forward,"Premier League 2, Division 1",Domestic leagues
Martial Godo,Martial Godo__23/24,450000,20,2023,3,270,90.0,,3.0,0.0,0.0,2.0,,,1.6666666666666667,0.3333333333333333,,,0.0,0.0,0.0,0.0,1.0,0.3333333333333333,0.0,0.0,0.0,0.0,0.0,0.0,0.0,0.0,,,CIV,Forward,"Premier League 2, Division 1",Domestic leagues
Martial Godo,Martial Godo__23/24,450000,20,2023,34,2226,65.47058823529412,6.96,86.4,75.0,29.2,0.3638814016172507,0.3191489361702128,0.0851063829787234,0.16172506738544473,0.20215633423180593,1.9002695417789757,0.6064690026954178,0.04043126684636118,1.2533692722371967,0.16172506738544473,2.547169811320755,22.681940700808624,0.3638814016172507,0.8490566037735849,0.04043126684636118,0.16172506738544473,0.0,0.0,0.6064690026954178,1.6981132075471699,0.6064690026954178,0.889487870619946,0.08086253369272237,CIV,Forward,League One,Domestic leagues
Minteh Yankuba,Minteh Yankuba__24/25,30000000,20,2024,32,1854,57.9375,6.96,68.7,56.0,25.3,0.4854368932038835,0.47058823529411764,0.17647058823529413,0.2912621359223301,0.1941747572815534,1.6504854368932038,0.7766990291262136,0.3883495145631068,1.4077669902912622,0.3883495145631068,2.233009708737864,14.805825242718447,0.6796116504854369,1.116504854368932,0.04854368932038835,0.2912621359223301,0.0,0.0,1.3592233009708738,2.3300970873786406,0.5339805825242718,0.33980582524271846,0.8737864077669902,GAM,Midfielder,Premier League,Domestic leagues
Minteh Yankuba,Minteh Yankuba__23/24,16000000,19,2023,27,1471,54.48148148148148,7.27,69.4,34.8,19.7,0.9177430319510537,0.42857142857142855,0.17857142857142858,0.6118286879673691,0.30591434398368456,3.4262406526172673,1.4683888511216858,0.6118286879673691,1.6519374575118966,0.5506458191706323,3.609789259007478,20.43507817811013,0.4894629503738953,0.7341944255608429,0.0,0.0,0.0,0.0,1.1624745071380014,2.814411964649898,0.18354860639021073,0.9177430319510537,1.1012916383412645,GAM,Midfielder,Eredivisie,Domestic leagues
Minteh Yankuba,Minteh Yankuba__22/23,2000000,18,2022,17,1232,72.47058823529412,6.96,63.2,65.2,9.5,0.5844155844155844,0.2857142857142857,0.14285714285714285,0.2922077922077922,0.2922077922077922,2.0454545454545454,0.5844155844155844,0.1461038961038961,1.0957792207792207,0.3652597402597403,3.4334415584415585,15.41396103896104,1.0957792207792207,0.1461038961038961,0.07305194805194805,0.4383116883116883,0.0,0.0,1.1688311688311688,3.2873376623376624,1.0227272727272727,0.9496753246753247,0.8035714285714286,GAM,Midfielder,Danish Superliga,Domestic leagues
Minteh Yankuba,Minteh Yankuba__23/24,16000000,19,2023,2,112,56.0,6.85,70.6,,,0.0,0.3333333333333333,0.0,0.0,0.0,2.4107142857142856,0.8035714285714286,0.0,0.8035714285714286,0.0,0.8035714285714286,9.642857142857142,0.0,,0.0,0.8035714285714286,0.0,0.0,0.0,1.6071428571428572,1.6071428571428572,1.6071428571428572,0.8035714285714286,GAM,Midfielder,UEFA Europa League,International competitions
Minteh Yankuba,Minteh Yankuba__23/24,16000000,19,2023,4,198,49.5,6.98,72.9,75.0,12.5,0.45454545454545453,0.5,0.1,0.45454545454545453,0.0,4.545454545454546,2.272727272727273,0.9090909090909091,1.3636363636363635,0.0,5.0,15.909090909090908,1.3636363636363635,0.45454545454545453,0.0,0.45454545454545453,0.0,0.0,1.8181818181818181,4.090909090909091,0.45454545454545453,1.8181818181818181,0.45454545454545453,GAM,Midfielder,UEFA Champions League,International competitions
Mohamed Salah,Mohamed Salah__17/18,150000000,25,2017,36,2921,81.13888888888889,7.62,76.7,54.5,31.4,1.2940773707634372,0.4652777777777778,0.2222222222222222,0.9859637110578569,0.3081136597055803,4.436836699760356,2.0643615200273877,0.7086614173228346,1.9411160561451557,0.36973639164669636,2.4032865457035264,22.369051694625128,0.5546045874700445,0.8319068812050667,0.18486819582334818,0.030811365970558027,0.0,0.0,0.6162273194111606,0.36973639164669636,0.15405682985279015,1.016775077028415,0.40054775761725436,EGY,Midfielder,Premier League,Domestic leagues
Mohamed Salah,Mohamed Salah__16/17,35000000,24,2016,31,2485,80.16129032258064,7.33,80.4,60.6,20.3,0.9416498993963782,0.425,0.1875,0.5432595573440644,0.3983903420523139,2.89738430583501,1.2313883299798793,0.579476861167002,2.7162977867203217,0.4708249496981891,1.3038229376257546,28.140845070422536,0.7243460764587525,0.579476861167002,0.1448692152917505,0.07243460764587525,0.0,0.0,0.579476861167002,0.9416498993963782,0.3983903420523139,0.579476861167002,0.289738430583501,EGY,Midfielder,Serie A,Domestic leagues
Mohamed Salah,Mohamed Salah__15/16,23000000,23,2015,34,2736,80.47058823529412,7.09,82.9,64.0,11.4,0.6578947368421053,0.4305555555555556,0.19444444444444445,0.4605263157894737,0.19736842105263158,2.3684210526315788,1.019736842105263,0.2631578947368421,2.1052631578947367,0.2631578947368421,1.8421052631578947,30.723684210526315,0.5263157894736842,0.13157894736842105,0.06578947368421052,0.06578947368421052,0.03289473684210526,0.0,0.7894736842105263,0.6578947368421053,0.39473684210526316,0.39473684210526316,0.2631578947368421,EGY,Midfielder,Serie A,Domestic leagues
Mohamed Salah,Mohamed Salah__17/18,150000000,25,2017,15,1109,73.93333333333334,7.77,75.8,50.0,42.9,1.217312894499549,0.5208333333333334,0.22916666666666666,0.8926961226330027,0.3246167718665464,3.895401262398557,2.0288548241659154,0.3246167718665464,2.840396753832281,0.8115419296663661,2.678088367899008,22.155094679891793,0.6492335437330928,0.7303877366997295,0.1623083859332732,0.0,0.0,0.0,0.7303877366997295,0.6492335437330928,0.40577096483318303,1.055004508566276,0.1623083859332732,EGY,Midfielder,UEFA Champions League,International competitions
Mohamed Salah,Mohamed Salah__15/16,23000000,23,2015,7,543,77.57142857142857,6.71,79.0,100.0,33.3,0.16574585635359115,0.23076923076923078,0.07692307692307693,0.16574585635359115,0.0,2.154696132596685,0.4972375690607735,0.4972375690607735,2.6519337016574585,0.4972375690607735,2.81767955801105,25.524861878453038,0.8287292817679558,0.3314917127071823,0.0,0.0,0.0,0.0,1.3259668508287292,1.6574585635359116,1.160220994475138,0.3314917127071823,0.16574585635359115,EGY,Midfielder,UEFA Champions League,International competitions
Mohamed Salah,Mohamed Salah__16/17,35000000,24,2016,6,373,62.166666666666664,6.93,83.1,66.7,14.3,0.7238605898123325,0.5714285714285714,0.14285714285714285,0.48257372654155495,0.24128686327077747,3.3780160857908847,1.9302949061662198,1.2064343163538873,2.4128686327077746,0.48257372654155495,0.9651474530831099,26.05898123324397,0.48257372654155495,0.24128686327077747,0.0,0.0,0.0,0.0,0.9651474530831099,0.48257372654155495,0.24128686327077747,0.24128686327077747,0.24128686327077747,EGY,Midfielder,UEFA Europa League,International competitions
Mohammed Kudus,Mohammed Kudus__24/25,45000000,24,2024,32,2601,81.28125,6.82,89.9,75.0,25.9,0.2768166089965398,0.29333333333333333,0.06666666666666667,0.17301038062283736,0.10380622837370242,2.5951557093425603,0.7612456747404844,0.2422145328719723,1.0726643598615917,0.1384083044982699,3.1833910034602075,23.910034602076124,1.245674740484429,0.726643598615917,0.06920415224913495,0.06920415224913495,0.03460207612456748,0.0,0.5882352941176471,1.314878892733564,0.1384083044982699,1.0034602076124568,0.3806228373702422,GHA,Midfielder,Premier League,Domestic leagues
Mohammed Kudus,Mohammed Kudus__23/24,50000000,23,2023,33,2483,75.24242424242425,7.1,84.5,72.1,22.3,0.5074506645187273,0.2537313432835821,0.11940298507462686,0.2899718082964156,0.21747885622231172,2.4285138944824807,0.6161900926298832,0.1449859041482078,1.0149013290374547,0.18123238018525978,4.494563028594442,23.668948852194927,1.594844945630286,0.761175996778091,0.03624647603705195,0.21747885622231172,0.0,0.0,0.7249295207410391,2.356020942408377,0.3987112364075715,0.8699154248892469,0.5436971405557793,GHA,Midfielder,Premier League,Domestic leagues
Mohammed Kudus,Mohammed Kudus__22/23,40000000,22,2022,30,1815,60.5,7.07,87.6,87.5,20.0,0.6942148760330579,0.4057971014492754,0.15942028985507245,0.5454545454545454,0.1487603305785124,3.4214876033057853,1.3884297520661157,0.6446280991735537,1.43801652892562,0.19834710743801653,4.512396694214876,27.669421487603305,1.7355371900826446,0.1487603305785124,0.1487603305785124,0.049586776859504134,0.0,0.0,0.49586776859504134,1.2396694214876034,0.34710743801652894,0.6942148760330579,0.49586776859504134,GHA,Midfielder,Eredivisie,Domestic leagues
Mohammed Kudus,Mohammed Kudus__21/22,10000000,21,2021,16,418,26.125,6.69,90.5,93.8,,0.430622009569378,0.38461538461538464,0.07692307692307693,0.215311004784689,0.215311004784689,2.799043062200957,1.076555023923445,0.430622009569378,1.076555023923445,0.215311004784689,5.167464114832536,47.36842105263158,3.229665071770335,0.0,0.0,0.0,0.0,0.0,0.861244019138756,2.15311004784689,0.430622009569378,1.076555023923445,1.076555023923445,GHA,Midfielder,Eredivisie,Domestic leagues
Mohammed Kudus,Mohammed Kudus__20/21,15000000,20,2020,17,806,47.411764705882355,6.81,90.7,85.2,33.3,0.7816377171215881,0.25,0.2,0.4466501240694789,0.3349875930521092,2.2332506203473947,0.5583126550868487,0.0,1.1166253101736974,0.0,3.238213399503722,56.38957816377171,2.568238213399504,0.22332506203473945,0.11166253101736973,0.3349875930521092,0.0,0.11166253101736973,2.3449131513647643,2.2332506203473947,0.6699751861042184,1.228287841191067,0.5583126550868487,GHA,Midfielder,Eredivisie,Domestic leagues
Mohammed Kudus,Mohammed Kudus__21/22,10000000,21,2021,5,330,66.0,7.56,86.1,62.5,,1.3636363636363635,0.75,0.4166666666666667,1.3636363636363635,0.0,3.272727272727273,2.4545454545454546,0.0,1.0909090909090908,0.5454545454545454,3.8181818181818183,39.0,2.727272727272727,,0.0,0.0,0.0,0.0,0.2727272727272727,0.8181818181818182,0.8181818181818182,0.2727272727272727,1.0909090909090908,GHA,Midfielder,Eerste Divisie,Domestic leagues
Mohammed Kudus,Mohammed Kudus__19/20,9000000,19,2019,25,2000,80.0,7.27,88.4,80.4,28.6,0.54,0.34375,0.171875,0.495,0.045,2.88,0.99,0.27,1.26,0.225,5.22,34.38,3.87,0.18,0.18,0.18,0.045,0.0,0.72,1.89,0.45,0.99,1.035,GHA,Midfielder,Danish Superliga,Domestic leagues
Mohammed Kudus,Mohammed Kudus__18/19,800000,18,2018,2,135,67.5,7.9,88.7,60.0,,0.6666666666666666,0.0,0.0,0.0,0.6666666666666666,0.6666666666666666,0.0,0.0,2.0,1.3333333333333333,2.0,42.0,2.0,,0.0,0.0,0.0,0.0,0.0,2.6666666666666665,0.6666666666666666,0.0,0.6666666666666666,GHA,Midfielder,Danish Superliga,Domestic leagues
Mohammed Kudus,Mohammed Kudus__23/24,40000000,23,2023,9,771,85.66666666666667,7.44,87.1,78.6,40.9,0.5836575875486382,0.42857142857142855,0.23809523809523808,0.5836575875486382,0.0,2.4513618677042803,1.0505836575875487,0.11673151750972763,1.517509727626459,0.35019455252918286,2.1011673151750974,28.365758754863812,1.284046692607004,1.0505836575875487,0.0,0.11673151750972763,0.0,0.0,1.0505836575875487,2.684824902723735,0.7003891050583657,0.5836575875486382,0.4669260700389105,GHA,Midfielder,UEFA Europa League,International competitions
Mohammed Kudus,Mohammed Kudus__22/23,40000000,22,2022,2,180,90.0,6.55,77.5,50.0,,0.5,0.16666666666666666,0.16666666666666666,0.5,0.0,3.0,0.5,0.5,0.5,0.0,1.0,15.5,0.5,0.0,0.5,0.5,0.0,0.0,0.0,1.5,0.5,0.0,1.0,GHA,Midfielder,UEFA Europa League,International competitions
Mohammed Kudus,Mohammed Kudus__20/21,15000000,20,2020,3,47,15.666666666666666,6.7,84.8,,,0.0,0.5,0.0,0.0,0.0,3.8297872340425534,1.9148936170212767,0.0,0.0,0.0,11.48936170212766,53.61702127659574,0.0,,0.0,0.0,0.0,0.0,3.8297872340425534,5.74468085106383,1.9148936170212767,0.0,,GHA,Midfielder,UEFA Europa League,International competitions
Mohammed Kudus,Mohammed Kudus__22/23,40000000,22,2022,6,452,75.33333333333333,7.22,85.7,77.8,,1.1946902654867257,0.5,0.5,0.7964601769911505,0.39823008849557523,1.592920353982301,0.7964601769911505,0.19911504424778761,0.995575221238938,0.0,2.190265486725664,20.309734513274336,1.3938053097345133,0.0,0.0,0.19911504424778761,0.0,0.0,0.39823008849557523,0.7964601769911505,0.995575221238938,0.39823008849557523,1.1946902654867257,GHA,Midfielder,UEFA Champions League,International competitions
Mohammed Kudus,Mohammed Kudus__21/22,10000000,21,2021,2,24,12.0,6.8,94.1,100.0,,0.0,0.0,0.0,0.0,0.0,3.75,0.0,0.0,0.0,0.0,3.75,60.0,3.75,,0.0,0.0,0.0,0.0,0.0,0.0,0.0,0.0,,GHA,Midfielder,UEFA Champions League,International competitions
Mohammed Kudus,Mohammed Kudus__20/21,15000000,20,2020,1,9,9.0,6.6,100.0,,,0.0,,,0.0,0.0,,,0.0,0.0,0.0,10.0,10.0,,,0.0,0.0,0.0,0.0,0.0,0.0,0.0,,,GHA,Midfielder,UEFA Champions League,International competitions
Nasser Djiga,Nasser Djiga__24/25,10000000,22,2024,5,65,13.0,6.25,82.6,28.6,,0.0,,,0.0,0.0,,,0.0,0.0,0.0,0.0,52.61538461538461,2.769230769230769,,0.0,0.0,0.0,0.0,1.3846153846153846,0.0,2.769230769230769,,1.3846153846153846,BUR,Defender,Premier League,Domestic leagues
Nasser Djiga,Nasser Djiga__24/25,7000000,22,2024,17,1362,80.11764705882354,7.23,94.6,75.3,,0.13215859030837004,0.25,0.16666666666666666,0.13215859030837004,0.0,0.7929515418502202,0.19823788546255505,0.0,0.19823788546255505,0.0,0.2643171806167401,62.37885462555066,4.427312775330397,0.0,0.3303964757709251,0.0,0.0,0.0,0.13215859030837004,0.9251101321585903,1.1894273127753303,0.19823788546255505,1.7180616740088106,BUR,Defender,Mozzart Bet Superliga,Domestic leagues
Nasser Djiga,Nasser Djiga__23/24,2000000,21,2023,22,1790,81.36363636363636,7.03,90.6,51.1,,0.15083798882681565,0.26666666666666666,0.06666666666666667,0.05027932960893855,0.1005586592178771,0.7541899441340782,0.2011173184357542,0.0,0.2011173184357542,0.1005586592178771,0.25139664804469275,47.614525139664806,2.3128491620111733,0.0,0.45251396648044695,0.1005586592178771,0.0,0.0,0.3016759776536313,0.9050279329608939,1.5083798882681565,0.2011173184357542,1.7597765363128492,BUR,Defender,Mozzart Bet Superliga,Domestic leagues
Nasser Djiga,Nasser Djiga__22/23,700000,20,2022,21,1835,87.38095238095238,6.75,90.3,63.9,,0.0,0.09090909090909091,0.0,0.0,0.0,0.5395095367847411,0.04904632152588556,0.0,0.09809264305177112,0.0,0.29427792915531337,46.79019073569482,3.7275204359673024,,0.19618528610354224,0.19618528610354224,0.04904632152588556,0.0,0.19618528610354224,0.5395095367847411,1.1280653950953679,0.04904632152588556,1.5204359673024523,BUR,Defender,Ligue 2,Domestic leagues
Nasser Djiga,Nasser Djiga__24/25,10000000,22,2024,10,900,90.0,6.86,90.6,55.0,14.3,0.2,0.3333333333333333,0.3333333333333333,0.1,0.1,0.3,0.1,0.0,0.2,0.1,0.3,37.8,2.2,0.1,0.2,0.1,0.0,0.0,0.0,1.2,1.7,0.0,1.3,BUR,Defender,UEFA Champions League,International competitions
Nasser Djiga,Nasser Djiga__23/24,2000000,21,2023,6,540,90.0,6.53,82.5,45.8,,0.0,0.0,0.0,0.0,0.0,0.3333333333333333,0.0,0.0,0.16666666666666666,0.0,0.6666666666666666,29.0,1.8333333333333333,,0.0,0.3333333333333333,0.0,0.0,0.3333333333333333,1.3333333333333333,2.0,0.0,1.0,BUR,Defender,UEFA Champions League,International competitions
Nasser Djiga,Nasser Djiga__23/24,2000000,21,2023,2,23,11.5,6.55,72.7,,,0.0,,,0.0,0.0,,,0.0,0.0,0.0,0.0,31.304347826086957,0.0,,0.0,0.0,0.0,0.0,0.0,3.9130434782608696,0.0,,,BUR,Defender,UEFA Conference League,International competitions
Nasser Djiga,Nasser Djiga__22/23,700000,20,2022,2,107,53.5,6.7,90.4,50.0,,0.0,,,0.0,0.0,,,0.0,0.0,0.0,0.0,79.06542056074767,3.364485981308411,,0.0,0.0,0.0,0.0,0.0,0.8411214953271028,0.8411214953271028,,1.6822429906542056,BUR,Defender,UEFA Conference League,International competitions
Nasser Djiga,Nasser Djiga__21/22,500000,19,2021,2,135,67.5,6.25,83.9,44.4,,0.0,,,0.0,0.0,,,0.0,0.0,0.0,1.3333333333333333,34.666666666666664,2.6666666666666665,,0.6666666666666666,0.6666666666666666,0.0,0.0,1.3333333333333333,0.0,2.0,,,BUR,Defender,UEFA Conference League,International competitions
Nicolas Jackson,Nicolas Jackson__24/25,50000000,23,2024,30,2238,74.6,6.92,76.7,66.7,33.3,0.6032171581769437,0.4605263157894737,0.13157894736842105,0.40214477211796246,0.20107238605898123,3.0563002680965146,1.4075067024128687,0.7640750670241286,1.126005361930295,0.24128686327077747,0.7238605898123325,12.024128686327078,0.24128686327077747,0.040214477211796246,0.0,0.28150134048257375,0.040214477211796246,0.0,0.20107238605898123,0.8847184986595175,0.12064343163538874,0.48257372654155495,0.8847184986595175,SEN,Forward,Premier League,Domestic leagues
Nicolas Jackson,Nicolas Jackson__23/24,35000000,22,2023,35,2804,80.11428571428571,7.01,78.0,61.1,,0.6098430813124108,0.5125,0.175,0.44935805991440797,0.16048502139800286,2.5677603423680457,1.3159771754636234,0.7703281027104137,1.2517831669044222,0.25677603423680456,1.733238231098431,16.46576319543509,0.35306704707560627,0.0,0.06419400855920114,0.3209700427960057,0.0,0.0,0.6098430813124108,0.6740370898716119,0.12838801711840228,0.5456490727532097,1.12339514978602,SEN,Forward,Premier League,Domestic leagues
Nicolas Jackson,Nicolas Jackson__22/23,30000000,21,2022,26,1609,61.88461538461539,7.02,76.4,80.0,40.0,0.8949658172778123,0.5609756097560976,0.2926829268292683,0.6712243629583592,0.22374145431945308,2.293349906774394,1.2865133623368552,0.3915475450590429,1.230577998756992,0.3915475450590429,1.2865133623368552,13.592293349906774,0.44748290863890616,0.11187072715972654,0.05593536357986327,0.27967681789931637,0.05593536357986327,0.0,0.3356121814791796,0.7830950901180858,0.11187072715972654,0.22374145431945308,0.7271597265382225,SEN,Forward,LaLiga,Domestic leagues
Nicolas Jackson,Nicolas Jackson__21/22,500000,20,2021,9,162,18.0,6.7,76.0,,,0.0,0.2,0.0,0.0,0.0,2.7777777777777777,0.5555555555555556,0.5555555555555556,1.6666666666666667,0.5555555555555556,2.2222222222222223,21.11111111111111,0.0,0.0,0.0,0.5555555555555556,0.0,0.0,0.0,1.1111111111111112,0.5555555555555556,1.1111111111111112,7.222222222222222,SEN,Forward,LaLiga,Domestic leagues
Nicolas Jackson,Nicolas Jackson__20/21,400000,19,2020,16,724,45.25,6.53,75.4,33.3,,0.24861878453038674,0.3333333333333333,0.06666666666666667,0.12430939226519337,0.12430939226519337,1.8646408839779005,0.6215469613259669,0.3729281767955801,0.7458563535911602,0.0,2.4861878453038675,17.900552486187845,0.24861878453038674,0.0,0.0,0.12430939226519337,0.0,0.0,0.7458563535911602,1.367403314917127,0.12430939226519337,0.12430939226519337,1.2430939226519337,SEN,Forward,LaLiga 2,Domestic leagues
Nicolas Jackson,Nicolas Jackson__24/25,50000000,23,2024,4,197,49.25,7.18,76.6,,,1.3705583756345177,1.0,0.6,1.3705583756345177,0.0,2.284263959390863,2.284263959390863,0.9137055837563451,0.45685279187817257,0.0,0.9137055837563451,16.446700507614214,,0.0,0.0,0.45685279187817257,0.0,0.0,0.45685279187817257,1.3705583756345177,0.9137055837563451,0.0,2.284263959390863,SEN,Forward,UEFA Conference League,International competitions
Nicolas Jackson,Nicolas Jackson__22/23,30000000,21,2022,10,380,38.0,6.66,75.8,100.0,,0.23684210526315788,0.2727272727272727,0.09090909090909091,0.23684210526315788,0.0,2.6052631578947367,0.7105263157894737,0.7105263157894737,0.7105263157894737,0.23684210526315788,2.1315789473684212,17.05263157894737,0.7105263157894737,,0.0,0.23684210526315788,0.0,0.0,0.47368421052631576,0.23684210526315788,0.23684210526315788,0.23684210526315788,0.9473684210526315,SEN,Forward,UEFA Conference League,International competitions
Noussair Mazraoui,Noussair Mazraoui__22/23,30000000,25,2022,19,1073,56.473684210526315,6.92,86.9,35.7,19.0,0.4193849021435228,0.25,0.125,0.08387698042870456,0.33550792171481825,0.6710158434296365,0.16775396085740912,0.0,1.5936626281453867,0.5032618825722274,1.5097856477166822,53.932898415657036,0.8387698042870456,0.33550792171481825,0.08387698042870456,0.0,0.0,0.0,0.7548928238583411,2.4324324324324325,0.8387698042870456,0.16775396085740912,1.4259086672879777,MAR,Defender,Bundesliga,Domestic leagues
Noussair Mazraoui,Noussair Mazraoui__21/22,20000000,24,2021,25,1957,78.28,7.33,84.8,56.5,22.0,0.3219213081246806,0.3783783783783784,0.13513513513513514,0.22994379151762903,0.09197751660705161,1.7015840572304548,0.6438426162493612,0.3219213081246806,1.5176290240163515,0.22994379151762903,1.7015840572304548,51.73735309146653,2.391415431783342,0.5978538579458355,0.5058763413387839,0.09197751660705161,0.0,0.0,0.6898313745528871,2.161471640265713,0.8737864077669902,0.5518650996423097,2.0235053653551356,MAR,Defender,Eredivisie,Domestic leagues
Noussair Mazraoui,Noussair Mazraoui__20/21,18000000,23,2020,19,1214,63.89473684210526,7.12,82.9,59.2,20.5,0.07413509060955518,0.3333333333333333,0.0,0.0,0.07413509060955518,0.8896210873146623,0.29654036243822074,0.0,0.8896210873146623,0.14827018121911037,2.1499176276771004,45.96375617792422,3.113673805601318,0.5930807248764415,0.07413509060955518,0.0,0.0,0.0,0.6672158154859967,2.5205930807248764,2.1499176276771004,0.5189456342668863,1.0378912685337727,MAR,Defender,Eredivisie,Domestic leagues
Noussair Mazraoui,Noussair Mazraoui__19/20,14000000,22,2019,13,743,57.15384615384615,6.71,81.6,31.8,7.7,0.0,0.08333333333333333,0.0,0.0,0.0,1.4535666218034993,0.12113055181695828,0.0,0.7267833109017496,0.0,2.3014804845222074,48.936742934051146,0.847913862718708,0.12113055181695828,0.0,0.12113055181695828,0.0,0.0,0.9690444145356663,2.4226110363391657,0.9690444145356663,0.9690444145356663,1.332436069986541,MAR,Defender,Eredivisie,Domestic leagues
Noussair Mazraoui,Noussair Mazraoui__18/19,15000000,21,2018,28,2234,79.78571428571429,7.07,87.1,48.2,19.6,0.08057296329453895,0.4827586206896552,0.034482758620689655,0.04028648164726947,0.04028648164726947,1.1683079677708146,0.5640107430617726,0.04028648164726947,1.0474485228290062,0.20143240823634737,1.9337511190689347,48.22291853178156,1.0877350044762757,0.40286481647269473,0.40286481647269473,0.08057296329453895,0.04028648164726947,0.0,0.684870188003581,2.900626678603402,1.9337511190689347,0.2820053715308863,1.2085944494180842,MAR,Defender,Eredivisie,Domestic leagues
Noussair Mazraoui,Noussair Mazraoui__17/18,12000000,20,2017,8,291,36.375,7.16,85.3,40.0,33.3,0.0,0.0,0.0,0.0,0.0,2.1649484536082473,0.0,0.30927835051546393,1.8556701030927836,0.0,3.711340206185567,48.55670103092783,1.2371134020618557,0.6185567010309279,0.0,0.0,0.0,0.0,0.9278350515463918,4.020618556701031,3.402061855670103,0.30927835051546393,1.5463917525773196,MAR,Defender,Eredivisie,Domestic leagues
Noussair Mazraoui,Noussair Mazraoui__16/17,200000,19,2016,2,106,53.0,7.0,77.8,,,0.0,0.5,0.0,0.0,0.0,1.6981132075471699,0.8490566037735849,0.0,0.8490566037735849,0.0,1.6981132075471699,29.71698113207547,0.0,0.0,0.0,0.0,0.0,0.0,0.0,3.3962264150943398,2.547169811320755,0.8490566037735849,1.6981132075471699,MAR,Defender,Eerste Divisie,Domestic leagues
Noussair Mazraoui,Noussair Mazraoui__22/23,30000000,25,2022,5,393,78.6,6.92,84.3,50.0,12.5,0.0,0.25,0.0,0.0,0.0,0.916030534351145,0.22900763358778625,0.0,0.22900763358778625,0.0,1.3740458015267176,51.52671755725191,1.3740458015267176,0.22900763358778625,0.22900763358778625,0.4580152671755725,0.0,0.0,0.916030534351145,2.9770992366412212,0.6870229007633588,0.22900763358778625,1.83206106870229,MAR,Defender,UEFA Champions League,International competitions
Noussair Mazraoui,Noussair Mazraoui__21/22,20000000,24,2021,8,661,82.625,7.1,87.1,68.8,30.0,0.2723146747352496,0.3333333333333333,0.0,0.0,0.2723146747352496,1.2254160363086233,0.4084720121028744,0.1361573373676248,1.361573373676248,0.1361573373676248,1.361573373676248,44.93192133131619,1.497730711043873,0.4084720121028744,0.1361573373676248,0.1361573373676248,0.0,0.0,0.9531013615733737,3.8124054462934946,0.5446293494704992,0.4084720121028744,0.4084720121028744,MAR,Defender,UEFA Champions League,International competitions
Noussair Mazraoui,Noussair Mazraoui__20/21,18000000,23,2020,6,481,80.16666666666667,7.2,78.9,47.2,14.3,0.18711018711018712,0.4444444444444444,0.1111111111111111,0.18711018711018712,0.0,1.683991683991684,0.7484407484407485,0.0,0.5613305613305614,0.0,1.496881496881497,41.351351351351354,3.180873180873181,0.18711018711018712,0.0,0.18711018711018712,0.0,0.0,1.1226611226611227,3.555093555093555,2.6195426195426195,0.5613305613305614,1.1226611226611227,MAR,Defender,UEFA Champions League,International competitions
Noussair Mazraoui,Noussair Mazraoui__19/20,14000000,22,2019,6,477,79.5,6.67,84.4,35.7,60.0,0.0,0.3333333333333333,0.0,0.0,0.0,0.5660377358490566,0.18867924528301888,0.0,0.5660377358490566,0.0,1.320754716981132,43.0188679245283,0.9433962264150944,0.5660377358490566,0.0,0.5660377358490566,0.18867924528301888,0.0,0.5660377358490566,2.452830188679245,1.320754716981132,0.37735849056603776,2.2641509433962264,MAR,Defender,UEFA Champions League,International competitions
Noussair Mazraoui,Noussair Mazraoui__18/19,15000000,21,2018,17,1355,79.70588235294117,6.95,86.6,54.3,30.0,0.2656826568265683,0.21428571428571427,0.14285714285714285,0.13284132841328414,0.13284132841328414,0.9298892988929889,0.1992619926199262,0.06642066420664207,0.5977859778597786,0.06642066420664207,1.3284132841328413,32.678966789667896,1.2619926199261993,0.3985239852398524,0.2656826568265683,0.1992619926199262,0.0,0.0,1.062730627306273,3.3874538745387452,1.992619926199262,0.33210332103321033,1.1955719557195572,MAR,Defender,UEFA Champions League,International competitions
Ola Aina,Ola Aina__20/21,5500000,24,2020,31,2670,86.12903225806451,6.75,78.9,36.9,17.3,0.10112359550561797,0.2857142857142857,0.14285714285714285,0.06741573033707865,0.033707865168539325,0.47191011235955055,0.1348314606741573,0.033707865168539325,0.5056179775280899,0.033707865168539325,0.7078651685393258,38.86516853932584,2.2247191011235956,0.30337078651685395,0.23595505617977527,0.10112359550561797,0.0,0.0,0.7415730337078652,1.247191011235955,1.5168539325842696,0.10112359550561797,1.0449438202247192,NGR,Defender,Premier League,Domestic leagues
Ola Aina,Ola Aina__16/17,1500000,20,2016,3,24,8.0,6.65,87.5,,,0.0,1.0,0.0,0.0,0.0,3.75,3.75,0.0,0.0,0.0,0.0,52.5,0.0,,0.0,0.0,0.0,0.0,0.0,0.0,0.0,0.0,,NGR,Defender,Premier League,Domestic leagues
Ola Aina,Ola Aina__21/22,3500000,25,2021,21,1441,68.61904761904762,6.82,73.7,24.5,14.7,0.0,0.4,0.0,0.0,0.0,0.6245662734212353,0.2498265093684941,0.0,1.0617626648160998,0.31228313671061764,1.1242192921582235,26.481609993060374,0.7494795281054824,0.31228313671061764,0.062456627342123525,0.2498265093684941,0.0,0.0,0.4996530187369882,1.6863289382373352,1.7487855655794586,0.1873698820263706,1.0617626648160998,NGR,Defender,Serie A,Domestic leagues
Ola Aina,Ola Aina__19/20,7000000,23,2019,32,2084,65.125,6.83,78.6,45.5,27.4,0.08637236084452975,0.16666666666666666,0.0,0.0,0.08637236084452975,0.5182341650671785,0.08637236084452975,0.0,0.9500959692898272,0.1727447216890595,2.029750479846449,30.273512476007678,1.5115163147792707,0.7341650671785028,0.08637236084452975,0.345489443378119,0.0,0.0,0.8637236084452975,1.9433781190019195,1.7706333973128598,0.08637236084452975,1.2955854126679462,NGR,Defender,Serie A,Domestic leagues
Ola Aina,Ola Aina__18/19,10000000,22,2018,30,2162,72.06666666666666,6.86,78.2,52.6,25.4,0.16651248843663274,0.20833333333333334,0.041666666666666664,0.041628122109158186,0.12488436632747456,0.9990749306197965,0.20814061054579094,0.0,1.0407030527289547,0.16651248843663274,1.2488436632747455,28.4736355226642,1.7067530064754857,0.666049953746531,0.37465309898242366,0.20814061054579094,0.041628122109158186,0.08325624421831637,1.0407030527289547,2.2479185938945423,1.6234967622571692,0.24976873265494912,1.7900092506938021,NGR,Defender,Serie A,Domestic leagues
Ola Aina,Ola Aina__17/18,6500000,21,2017,44,3823,86.88636363636364,6.9,75.3,39.6,19.6,0.07062516348417473,0.2,0.0,0.0,0.07062516348417473,0.8239602406487052,0.16479204812974105,0.02354172116139158,0.7533350771645305,0.04708344232278316,1.506670154329061,29.40360973057808,1.7891708082657598,0.44729270206643995,0.25895893277530735,0.07062516348417473,0.0,0.02354172116139158,0.8710436829714884,2.401255558461941,2.118754904525242,0.25895893277530735,2.401255558461941,NGR,Defender,Championship,Domestic leagues
Omar Marmoush,Omar Marmoush__24/25,75000000,25,2024,16,1190,74.375,7.33,84.3,100.0,35.7,0.5294117647058824,0.3469387755102041,0.14285714285714285,0.5294117647058824,0.0,3.7058823529411766,1.2857142857142858,0.226890756302521,1.134453781512605,0.6050420168067226,1.5126050420168067,18.22689075630252,0.15126050420168066,0.7563025210084033,0.226890756302521,0.0,0.0,0.0,0.6050420168067226,0.9831932773109243,0.453781512605042,1.134453781512605,0.37815126050420167,EGY,Forward,Premier League,Domestic leagues
Omar Marmoush,Omar Marmoush__24/25,60000000,25,2024,17,1454,85.52941176470588,8.16,79.6,57.9,28.2,1.485557083906465,0.4675324675324675,0.19480519480519481,0.9284731774415406,0.5570839064649243,4.766162310866575,2.2283356258596974,0.5570839064649243,2.1664374140302614,0.6808803301237965,2.847317744154058,16.89821182943604,0.6808803301237965,1.361760660247593,0.061898211829436035,0.12379642365887207,0.0,0.0,0.24759284731774414,0.7427785419532325,0.12379642365887207,0.8046767537826685,0.4332874828060523,EGY,Forward,Bundesliga,Domestic leagues
Omar Marmoush,Omar Marmoush__23/24,40000000,24,2023,29,2317,79.89655172413794,7.25,73.4,55.2,36.4,0.6991799741044454,0.4177215189873418,0.1518987341772152,0.46611998273629696,0.23305999136814848,3.0686232196806214,1.2818299525248165,0.23305999136814848,1.5925766076823478,0.23305999136814848,1.514889943892965,15.226586102719033,0.6214933103150626,0.46611998273629696,0.03884333189469141,0.2719033232628399,0.0,0.0,0.38843331894691413,0.8157099697885196,0.42727665084160554,0.8933966335779024,1.126456624946051,EGY,Forward,Bundesliga,Domestic leagues
Omar Marmoush,Omar Marmoush__22/23,15000000,23,2022,33,1478,44.78787878787879,6.63,68.4,59.1,12.0,0.36535859269282817,0.3541666666666667,0.10416666666666667,0.3044654939106901,0.06089309878213803,2.9228687415426253,1.0351826792963463,0.3044654939106901,0.7307171853856563,0.12178619756427606,2.313937753721245,18.024357239512856,0.7916102841677943,0.18267929634641408,0.0,0.12178619756427606,0.0,0.0,0.7307171853856563,0.9742895805142084,0.42625169147496617,0.7916102841677943,2.618403247631935,EGY,Forward,Bundesliga,Domestic leagues
Omar Marmoush,Omar Marmoush__21/22,6000000,22,2021,23,1612,70.08695652173913,6.8,71.3,47.4,45.5,0.4466501240694789,0.26,0.06,0.1674937965260546,0.27915632754342434,2.791563275434243,0.7258064516129032,0.39081885856079407,1.9540942928039702,0.11166253101736973,2.456575682382134,15.911910669975185,0.5024813895781638,1.1166253101736974,0.05583126550868486,0.1674937965260546,0.0,0.0,0.8933002481389578,1.4516129032258065,0.39081885856079407,0.7258064516129032,1.619106699751861,EGY,Forward,Bundesliga,Domestic leagues
Omar Marmoush,Omar Marmoush__20/21,4500000,21,2020,1,1,1.0,,100.0,,,0.0,,,0.0,0.0,,,0.0,0.0,0.0,0.0,90.0,,,0.0,0.0,0.0,0.0,0.0,0.0,0.0,,,EGY,Forward,Bundesliga,Domestic leagues
Omar Marmoush,Omar Marmoush__19/20,400000,20,2019,5,79,15.8,6.44,62.5,,,0.0,1.0,0.0,0.0,0.0,1.139240506329114,1.139240506329114,0.0,0.0,0.0,2.278481012658228,11.39240506329114,,0.0,0.0,0.0,0.0,0.0,0.0,1.139240506329114,1.139240506329114,0.0,,EGY,Forward,Bundesliga,Domestic leagues
Omar Marmoush,Omar Marmoush__20/21,750000,21,2020,21,1544,73.52380952380952,6.95,73.4,60.0,18.2,0.5246113989637305,0.3333333333333333,0.14583333333333334,0.40803108808290156,0.11658031088082901,2.7979274611398965,0.9326424870466321,0.2914507772020725,0.9909326424870466,0.17487046632124353,3.905440414507772,16.43782383419689,0.6994818652849741,0.23316062176165803,0.0,0.11658031088082901,0.0,0.0,0.46632124352331605,1.049222797927461,0.46632124352331605,0.8743523316062176,2.448186528497409,EGY,Forward,2. Bundesliga,Domestic leagues
Omar Marmoush,Omar Marmoush__24/25,75000000,25,2024,2,100,50.0,6.55,87.5,,,0.0,0.0,0.0,0.0,0.0,1.8,0.0,0.0,0.0,0.0,0.0,12.6,,0.0,0.0,0.0,0.0,0.0,0.9,1.8,0.0,0.9,0.9,EGY,Forward,UEFA Champions League,International competitions
Omar Marmoush,Omar Marmoush__24/25,60000000,25,2024,6,408,68.0,7.38,83.2,50.0,40.9,1.3235294117647058,0.3181818181818182,0.18181818181818182,0.8823529411764706,0.4411764705882353,4.852941176470588,1.5441176470588236,1.1029411764705883,3.5294117647058822,0.4411764705882353,1.7647058823529411,25.147058823529413,0.22058823529411764,1.9852941176470589,0.22058823529411764,0.22058823529411764,0.0,0.0,0.4411764705882353,0.8823529411764706,0.6617647058823529,1.1029411764705883,0.22058823529411764,EGY,Forward,UEFA Europa League,International competitions
Omar Marmoush,Omar Marmoush__19/20,400000,20,2019,1,28,28.0,6.2,66.7,,,0.0,0.0,0.0,0.0,0.0,3.2142857142857144,0.0,0.0,0.0,0.0,0.0,6.428571428571429,,,0.0,0.0,0.0,0.0,3.2142857142857144,3.2142857142857144,0.0,3.2142857142857144,,EGY,Forward,UEFA Europa League,International competitions
Omar Marmoush,Omar Marmoush__23/24,40000000,24,2023,9,690,76.66666666666667,7.24,73.0,50.0,20.0,0.5217391304347826,0.2962962962962963,0.14814814814814814,0.5217391304347826,0.0,3.5217391304347827,1.0434782608695652,0.5217391304347826,1.565217391304348,0.2608695652173913,1.0434782608695652,14.08695652173913,0.391304347826087,0.2608695652173913,0.0,0.13043478260869565,0.0,0.0,0.6521739130434783,1.434782608695652,0.13043478260869565,1.0434782608695652,2.0869565217391304,EGY,Forward,UEFA Conference League,International competitions
Pape Matar Sarr,Pape Matar Sarr__24/25,32000000,22,2024,36,1913,53.138888888888886,6.83,87.6,46.9,14.3,0.23523261892315733,0.38235294117647056,0.08823529411764706,0.1411395713538944,0.09409304756926294,1.59958180867747,0.6116048092002091,0.23523261892315733,0.7527443805541035,0.04704652378463147,0.5175117616309461,41.118661787767905,0.705697856769472,0.09409304756926294,0.04704652378463147,0.2822791427077888,0.0,0.0,0.5645582854155776,2.305279665446942,1.411395713538944,0.3293256664924203,1.59958180867747,SEN,Midfielder,Premier League,Domestic leagues
Pape Matar Sarr,Pape Matar Sarr__23/24,45000000,21,2023,34,2091,61.5,6.98,88.7,70.0,20.0,0.2582496413199426,0.3888888888888889,0.08333333333333333,0.1291248206599713,0.1291248206599713,1.5494978479196557,0.6025824964131994,0.1291248206599713,0.860832137733142,0.08608321377331421,0.8177905308464849,50.14347202295552,1.2051649928263988,0.2152080344332855,0.08608321377331421,0.38737446197991393,0.0,0.0,0.9038737446197992,1.4634146341463414,1.33428981348637,0.4734576757532281,1.0329985652797704,SEN,Midfielder,Premier League,Domestic leagues
Pape Matar Sarr,Pape Matar Sarr__22/23,35000000,20,2022,11,229,20.818181818181817,6.51,91.6,,,0.3930131004366812,0.0,0.0,0.0,0.3930131004366812,0.7860262008733624,0.0,0.0,0.7860262008733624,0.3930131004366812,0.7860262008733624,55.414847161572055,0.0,,0.0,0.3930131004366812,0.0,0.0,1.5720524017467248,2.7510917030567685,2.3580786026200875,0.0,1.1790393013100438,SEN,Midfielder,Premier League,Domestic leagues
Pape Matar Sarr,Pape Matar Sarr__21/22,15000000,19,2021,33,2129,64.51515151515152,6.78,83.3,57.1,25.0,0.1690934711131987,0.25806451612903225,0.03225806451612903,0.042273367778299674,0.12682010333489901,1.3104744011272897,0.3381869422263974,0.042273367778299674,0.8454673555659934,0.12682010333489901,1.2682010333489901,35.25598872710193,2.3673085955847815,0.042273367778299674,0.12682010333489901,0.2959135744480977,0.0,0.0,0.8454673555659934,1.9445749178017848,1.2259276655706906,0.2959135744480977,1.2682010333489901,SEN,Midfielder,Ligue 1,Domestic leagues
Pape Matar Sarr,Pape Matar Sarr__20/21,20000000,18,2020,22,1593,72.4090909090909,7.03,85.3,64.9,20.0,0.1694915254237288,0.25806451612903225,0.0967741935483871,0.1694915254237288,0.0,1.7514124293785311,0.4519774011299435,0.0,0.903954802259887,0.0,1.0169491525423728,44.80225988700565,3.446327683615819,0.05649717514124294,0.11299435028248588,0.2824858757062147,0.0,0.0,1.0169491525423728,2.542372881355932,1.5254237288135593,0.4519774011299435,1.3559322033898304,SEN,Midfielder,Ligue 1,Domestic leagues
Pape Matar Sarr,Pape Matar Sarr__24/25,32000000,22,2024,13,641,49.30769230769231,6.83,87.4,60.0,33.3,0.28081123244929795,0.75,0.25,0.28081123244929795,0.0,1.1232449297971918,0.8424336973478939,0.0,0.5616224648985959,0.0,0.28081123244929795,39.875195007800315,0.8424336973478939,0.14040561622464898,0.28081123244929795,0.0,0.0,0.0,1.4040561622464898,2.2464898595943836,0.8424336973478939,0.28081123244929795,1.1232449297971918,SEN,Midfielder,UEFA Europa League,International competitions
Pape Matar Sarr,Pape Matar Sarr__22/23,35000000,20,2022,1,90,90.0,7.4,83.1,83.3,,0.0,0.3333333333333333,0.0,0.0,0.0,3.0,1.0,0.0,1.0,0.0,1.0,49.0,5.0,,0.0,0.0,0.0,0.0,1.0,5.0,1.0,2.0,2.0,SEN,Midfielder,UEFA Champions League,International competitions
Patson Daka,Patson Daka__22/23,14000000,24,2022,30,1189,39.63333333333333,6.77,68.0,66.7,12.5,0.6055508830950378,0.5333333333333333,0.13333333333333333,0.3027754415475189,0.3027754415475189,2.270815811606392,1.2111017661900756,0.37846930193439865,1.2867956265769553,0.37846930193439865,0.5298570227081582,14.15475189234651,0.4541631623212784,0.07569386038687972,0.0,0.15138772077375945,0.0,0.0,0.6812447434819175,1.0597140454163163,0.5298570227081582,0.5298570227081582,1.9680403700588731,ZAM,Forward,Premier League,Domestic leagues
Patson Daka,Patson Daka__21/22,20000000,23,2021,23,1166,50.69565217391305,6.73,74.5,60.0,,0.6174957118353345,0.6153846153846154,0.19230769230769232,0.38593481989708406,0.23156089193825044,2.006861063464837,1.234991423670669,0.30874785591766724,1.0034305317324186,0.15437392795883362,0.23156089193825044,12.658662092624358,0.23156089193825044,0.0,0.07718696397941681,0.15437392795883362,0.0,0.0,1.3121783876500857,1.1578044596912522,0.15437392795883362,0.38593481989708406,1.3121783876500857,ZAM,Forward,Premier League,Domestic leagues
Patson Daka,Patson Daka__23/24,12000000,25,2023,20,1121,56.05,7.06,78.0,25.0,,0.9634255129348795,0.38461538461538464,0.1794871794871795,0.5619982158786797,0.40142729705619984,3.1311329170383586,1.2042818911685995,0.7225691347011597,0.9634255129348795,0.16057091882247992,0.40142729705619984,17.662801070472792,0.08028545941123996,,0.08028545941123996,0.08028545941123996,0.0,0.0,0.2408563782337199,0.9634255129348795,0.16057091882247992,0.2408563782337199,0.7225691347011597,ZAM,Forward,Championship,Domestic leagues
Patson Daka,Patson Daka__20/21,22000000,22,2020,28,1960,70.0,7.39,65.3,66.7,,1.4234693877551021,0.48514851485148514,0.26732673267326734,1.239795918367347,0.1836734693877551,4.637755102040816,2.25,1.0561224489795917,1.3316326530612246,0.2755102040816326,0.7346938775510204,14.785714285714286,0.3673469387755102,0.0,0.1377551020408163,0.1377551020408163,0.0,0.0,0.3673469387755102,0.826530612244898,0.5051020408163265,0.8724489795918368,1.9744897959183674,ZAM,Forward,Austrian Bundesliga,Domestic leagues
Patson Daka,Patson Daka__19/20,20000000,21,2019,31,1873,60.41935483870968,7.29,67.6,65.0,21.1,1.4415376401494928,0.5543478260869565,0.2608695652173913,1.1532301121195943,0.28830752802989856,4.420715429791778,2.450613988254138,0.8649225840896957,1.5376401494927923,0.38441003737319807,0.8649225840896957,13.262146289375334,0.6246663107314468,0.19220501868659903,0.09610250934329952,0.04805125467164976,0.0,0.0,0.43246129204484784,0.9129738387613454,0.19220501868659903,0.4805125467164976,1.2493326214628937,ZAM,Forward,Austrian Bundesliga,Domestic leagues
Patson Daka,Patson Daka__18/19,8000000,20,2018,15,791,52.733333333333334,6.81,70.6,50.0,28.6,0.45512010113780027,0.4090909090909091,0.13636363636363635,0.3413400758533502,0.11378002528445007,2.5031605562579013,1.0240202275600505,0.11378002528445007,0.9102402022756005,0.3413400758533502,1.2515802781289507,15.587863463969658,0.3413400758533502,0.45512010113780027,0.11378002528445007,0.22756005056890014,0.0,0.0,0.7964601769911505,1.3653603034134008,0.7964601769911505,0.5689001264222503,1.706700379266751,ZAM,Forward,Austrian Bundesliga,Domestic leagues
Patson Daka,Patson Daka__17/18,2000000,19,2017,8,222,27.75,6.48,67.4,,,0.0,0.5,0.0,0.0,0.0,0.8108108108108109,0.40540540540540543,0.40540540540540543,0.0,0.0,1.2162162162162162,12.567567567567568,,0.0,0.0,0.0,0.0,0.0,0.40540540540540543,1.6216216216216217,0.0,0.0,0.8108108108108109,ZAM,Forward,Austrian Bundesliga,Domestic leagues
Patson Daka,Patson Daka__17/18,2000000,19,2017,18,1284,71.33333333333333,6.89,59.2,40.0,20.0,0.5607476635514018,0.39473684210526316,0.10526315789473684,0.2803738317757009,0.2803738317757009,2.663551401869159,1.0514018691588785,0.35046728971962615,0.9813084112149533,0.2803738317757009,1.0514018691588785,13.037383177570094,0.2803738317757009,0.07009345794392523,0.0,0.2102803738317757,0.0,0.0,0.2102803738317757,0.5607476635514018,0.2803738317757009,0.4205607476635514,1.6121495327102804,ZAM,Forward,2. Liga,Domestic leagues
Patson Daka,Patson Daka__16/17,500000,18,2016,9,632,70.22222222222223,7.08,62.0,,40.0,0.4272151898734177,0.5238095238095238,0.09523809523809523,0.2848101265822785,0.14240506329113925,2.990506329113924,1.5664556962025316,0.2848101265822785,2.5632911392405062,0.2848101265822785,1.4240506329113924,12.104430379746836,0.0,0.569620253164557,0.2848101265822785,0.0,0.0,0.0,0.2848101265822785,0.4272151898734177,1.139240506329114,0.4272151898734177,1.9936708860759493,ZAM,Forward,2. Liga,Domestic leagues
Patson Daka,Patson Daka__21/22,20000000,23,2021,4,180,45.0,6.63,73.2,,,0.5,0.5714285714285714,0.14285714285714285,0.5,0.0,3.5,2.0,1.0,0.0,0.0,1.0,15.0,,0.0,0.0,0.0,0.0,0.0,0.5,0.5,0.0,0.0,,ZAM,Forward,UEFA Conference League,International competitions
Patson Daka,Patson Daka__21/22,20000000,23,2021,6,417,69.5,7.43,77.9,,50.0,1.079136690647482,0.4444444444444444,0.2777777777777778,1.079136690647482,0.0,3.884892086330935,1.7266187050359711,0.0,1.5107913669064748,0.2158273381294964,0.2158273381294964,12.949640287769784,0.0,0.4316546762589928,0.0,0.0,0.0,0.0,0.2158273381294964,0.0,0.0,0.8633093525179856,0.8633093525179856,ZAM,Forward,UEFA Europa League,International competitions
Patson Daka,Patson Daka__20/21,22000000,22,2020,2,179,89.5,6.9,75.0,50.0,,0.5027932960893855,0.16666666666666666,0.0,0.0,0.5027932960893855,3.016759776536313,0.5027932960893855,0.5027932960893855,2.011173184357542,1.005586592178771,0.0,16.592178770949722,0.5027932960893855,0.0,0.0,0.5027932960893855,0.0,0.0,0.5027932960893855,1.005586592178771,0.5027932960893855,0.5027932960893855,0.5027932960893855,ZAM,Forward,UEFA Europa League,International competitions
Patson Daka,Patson Daka__19/20,20000000,21,2019,2,135,67.5,6.6,69.4,33.3,,0.6666666666666666,0.2,0.0,0.0,0.6666666666666666,3.3333333333333335,0.6666666666666666,0.6666666666666666,1.3333333333333333,0.0,0.6666666666666666,16.666666666666668,0.6666666666666666,0.0,0.0,0.0,0.0,0.0,1.3333333333333333,0.0,0.0,1.3333333333333333,2.0,ZAM,Forward,UEFA Europa League,International competitions
Patson Daka,Patson Daka__18/19,8000000,20,2018,4,156,39.0,7.45,70.0,,,1.1538461538461537,0.3333333333333333,0.2222222222222222,1.1538461538461537,0.0,5.1923076923076925,1.7307692307692308,0.0,0.5769230769230769,0.0,1.1538461538461537,12.115384615384615,0.0,,0.5769230769230769,0.0,0.0,0.0,1.7307692307692308,0.0,0.5769230769230769,1.1538461538461537,1.1538461538461537,ZAM,Forward,UEFA Europa League,International competitions
Patson Daka,Patson Daka__17/18,2000000,19,2017,1,25,25.0,6.7,72.7,,,0.0,0.0,0.0,0.0,0.0,3.6,0.0,0.0,3.6,0.0,3.6,28.8,,,0.0,0.0,0.0,0.0,0.0,0.0,0.0,0.0,3.6,ZAM,Forward,UEFA Europa League,International competitions
Patson Daka,Patson Daka__20/21,22000000,22,2020,6,386,64.33333333333333,7.18,63.2,50.0,20.0,0.6994818652849741,0.47058823529411764,0.11764705882352941,0.46632124352331605,0.23316062176165803,3.9637305699481864,1.8652849740932642,0.46632124352331605,1.8652849740932642,0.0,0.46632124352331605,13.989637305699482,1.3989637305699483,0.23316062176165803,0.0,0.0,0.0,0.0,0.9326424870466321,2.33160621761658,0.23316062176165803,0.6994818652849741,0.9326424870466321,ZAM,Forward,UEFA Champions League,International competitions
Patson Daka,Patson Daka__19/20,20000000,21,2019,6,241,40.166666666666664,6.67,70.2,50.0,,0.37344398340248963,0.36363636363636365,0.09090909090909091,0.37344398340248963,0.0,4.1078838174273855,1.4937759336099585,0.7468879668049793,1.8672199170124482,0.0,1.120331950207469,14.937759336099585,0.37344398340248963,,0.0,0.0,0.0,0.0,0.7468879668049793,1.4937759336099585,0.37344398340248963,0.7468879668049793,1.4937759336099585,ZAM,Forward,UEFA Champions League,International competitions
Patson Daka,Patson Daka__18/19,8000000,20,2018,4,95,23.75,6.73,72.0,,50.0,0.0,0.14285714285714285,0.0,0.0,0.0,6.631578947368421,0.9473684210526315,0.9473684210526315,0.9473684210526315,0.0,0.0,17.05263157894737,,0.9473684210526315,0.0,0.0,0.0,0.0,0.0,0.9473684210526315,0.9473684210526315,2.8421052631578947,3.789473684210526,ZAM,Forward,UEFA Champions League,International competitions
Rayan Ait Nouri,Rayan Ait Nouri__24/25,35000000,23,2024,37,3128,84.54054054054055,7.04,86.7,32.3,26.6,0.31649616368286443,0.3611111111111111,0.1111111111111111,0.11508951406649616,0.20140664961636828,1.0358056265984654,0.37404092071611256,0.08631713554987212,1.35230179028133,0.23017902813299232,1.8126598465473145,34.35421994884911,0.6042199488491049,0.719309462915601,0.0,0.17263427109974425,0.02877237851662404,0.02877237851662404,0.7768542199488491,2.5607416879795397,0.7480818414322251,0.43158567774936063,0.6329923273657289,ALG,Midfielder,Premier League,Domestic leagues
Rayan Ait Nouri,Rayan Ait Nouri__23/24,32000000,22,2023,33,2344,71.03030303030303,6.9,86.6,42.6,19.5,0.11518771331058021,0.3333333333333333,0.08333333333333333,0.07679180887372014,0.03839590443686007,0.9215017064846417,0.30716723549488056,0.19197952218430034,0.9598976109215017,0.11518771331058021,2.3805460750853245,34.517918088737204,0.8831058020477816,0.30716723549488056,0.0,0.2687713310580205,0.0,0.0,0.8063139931740614,2.7261092150170647,0.575938566552901,0.19197952218430034,0.8063139931740614,ALG,Midfielder,Premier League,Domestic leagues
Rayan Ait Nouri,Rayan Ait Nouri__22/23,28000000,21,2022,21,1068,50.857142857142854,6.64,81.9,26.9,28.6,0.08426966292134831,0.5,0.1,0.08426966292134831,0.0,0.8426966292134831,0.42134831460674155,0.0,0.5898876404494382,0.08426966292134831,2.359550561797753,32.69662921348315,0.5898876404494382,0.5056179775280899,0.16853932584269662,0.33707865168539325,0.0,0.0,0.5056179775280899,2.7808988764044944,0.7584269662921348,0.16853932584269662,1.1797752808988764,ALG,Midfielder,Premier League,Domestic leagues
Rayan Ait Nouri,Rayan Ait Nouri__21/22,22000000,20,2021,23,1837,79.8695652173913,6.9,76.7,28.9,25.0,0.14697876973326074,0.3076923076923077,0.07692307692307693,0.04899292324442025,0.0979858464888405,0.6369080021774632,0.195971692977681,0.0,0.8328796951551443,0.14697876973326074,2.0577027762656503,28.317909635274905,1.371801850843767,1.175830157866086,0.24496461622210125,0.195971692977681,0.0,0.0,1.0778443113772456,3.135547087642896,1.0778443113772456,0.0979858464888405,0.8328796951551443,ALG,Midfielder,Premier League,Domestic leagues
Rayan Ait Nouri,Rayan Ait Nouri__20/21,18000000,19,2020,21,1403,66.80952380952381,6.64,86.1,34.8,19.7,0.12829650748396293,0.4,0.06666666666666667,0.06414825374198146,0.06414825374198146,0.962223806129722,0.3848895224518888,0.0,0.8980755523877405,0.06414825374198146,1.6678545972915182,34.64005702066999,1.0263720598717034,0.7697790449037776,0.1924447612259444,0.06414825374198146,0.0,0.0,0.8980755523877405,1.8602993585174625,0.962223806129722,0.3207412687099073,0.3207412687099073,ALG,Midfielder,Premier League,Domestic leagues
Rayan Ait Nouri,Rayan Ait Nouri__20/21,20000000,19,2020,3,187,62.333333333333336,6.6,92.7,25.0,50.0,0.48128342245989303,0.0,0.0,0.0,0.48128342245989303,0.48128342245989303,0.0,0.0,2.406417112299465,0.0,3.8502673796791442,54.86631016042781,0.48128342245989303,0.9625668449197861,0.0,0.0,0.0,0.0,0.9625668449197861,1.4438502673796791,1.9251336898395721,0.0,0.9625668449197861,ALG,Midfielder,Ligue 1,Domestic leagues
Rayan Ait Nouri,Rayan Ait Nouri__19/20,15500000,18,2019,17,1285,75.58823529411765,6.65,78.2,36.5,32.6,0.14007782101167315,0.0,0.0,0.0,0.14007782101167315,0.2801556420233463,0.0,0.0,0.6303501945525292,0.07003891050583658,1.3307392996108949,33.75875486381323,1.8910505836575875,0.980544747081712,0.35019455252918286,0.21011673151750973,0.0,0.0,0.7704280155642024,2.0311284046692606,1.2607003891050583,0.14007782101167315,1.2607003891050583,ALG,Midfielder,Ligue 1,Domestic leagues
Rayan Ait Nouri,Rayan Ait Nouri__18/19,500000,17,2018,3,55,18.333333333333332,6.15,84.8,,,0.0,,,0.0,0.0,,,0.0,0.0,0.0,0.0,45.81818181818182,,,0.0,1.6363636363636365,0.0,0.0,1.6363636363636365,3.272727272727273,0.0,,,ALG,Midfielder,Ligue 1,Domestic leagues
Sam Morsy,Sam Morsy__16/17,400000,25,2016,29,2187,75.41379310344827,6.93,76.2,41.4,10.0,0.1646090534979424,0.30434782608695654,0.043478260869565216,0.0411522633744856,0.12345679012345678,0.9465020576131687,0.2880658436213992,0.0,0.9053497942386831,0.1646090534979424,1.440329218106996,31.604938271604937,2.3868312757201644,0.0411522633744856,0.2880658436213992,0.45267489711934156,0.0,0.0,1.2757201646090535,3.1275720164609053,1.646090534979424,0.3292181069958848,0.49382716049382713,EGY,Midfielder,Championship,Domestic leagues
Simon Adingra,Simon Adingra__24/25,28000000,22,2024,29,1147,39.55172413793103,6.71,81.9,41.7,24.4,0.31386224934612034,0.24242424242424243,0.06060606060606061,0.15693112467306017,0.15693112467306017,2.5893635571054925,0.6277244986922407,0.31386224934612034,1.2554489973844813,0.23539668700959024,1.6477768090671316,21.342632955536182,0.3923278116826504,0.7846556233653008,0.0,0.0,0.0,0.0,1.2554489973844813,1.804707933740192,0.6277244986922407,1.098517872711421,0.5492589363557105,CIV,Midfielder,Premier League,Domestic leagues
Simon Adingra,Simon Adingra__23/24,25000000,21,2023,31,2239,72.2258064516129,7.03,81.1,42.4,18.4,0.28137561411344353,0.4230769230769231,0.11538461538461539,0.241179097811523,0.0401965163019205,2.090218847699866,0.884323358642251,0.160786065207682,1.3264850379633766,0.241179097811523,2.009825815096025,24.359088878963824,0.5627512282268871,0.5627512282268871,0.0401965163019205,0.1205895489057615,0.0,0.0,0.9245198749441715,1.8088432335864224,0.7637338097364895,0.28137561411344353,0.321572130415364,CIV,Midfielder,Premier League,Domestic leagues
Simon Adingra,Simon Adingra__22/23,6000000,20,2022,36,2348,65.22222222222223,6.87,79.7,62.2,20.9,0.7666098807495741,0.48,0.22,0.42163543441226575,0.34497444633730834,1.9165247018739353,0.919931856899489,0.22998296422487224,1.7632027257240204,0.34497444633730834,2.299829642248722,22.385008517887563,0.8816013628620102,0.8816013628620102,0.03833049403747871,0.03833049403747871,0.03833049403747871,0.0,0.5366269165247018,0.9582623509369677,0.5366269165247018,0.3833049403747871,0.19165247018739354,CIV,Midfielder,Pro League,Domestic leagues
Simon Adingra,Simon Adingra__21/22,1500000,19,2021,31,1814,58.516129032258064,7.02,75.3,34.4,11.3,0.5953693495038589,0.4533333333333333,0.12,0.44652701212789414,0.14884233737596472,3.7210584343991178,1.6868798235942668,0.29768467475192945,1.4388092613009922,0.39691289966923926,3.4729878721058434,19.349503858875412,0.545755237045204,0.3472987872105843,0.0,0.24807056229327454,0.0,0.0,0.8434399117971334,1.7861080485115766,0.4961411245865491,0.6945975744211687,0.4961411245865491,CIV,Midfielder,Danish Superliga,Domestic leagues
Simon Adingra,Simon Adingra__23/24,25000000,21,2023,8,546,68.25,7.1,82.7,50.0,30.8,0.4945054945054945,0.3684210526315789,0.05263157894736842,0.16483516483516483,0.32967032967032966,3.131868131868132,1.1538461538461537,0.4945054945054945,1.4835164835164836,0.4945054945054945,1.6483516483516483,22.087912087912088,0.4945054945054945,0.6593406593406593,0.6593406593406593,0.0,0.0,0.0,0.6593406593406593,0.989010989010989,0.0,0.32967032967032966,0.6593406593406593,CIV,Midfielder,UEFA Europa League,International competitions
Simon Adingra,Simon Adingra__22/23,6000000,20,2022,9,411,45.666666666666664,6.64,74.4,50.0,33.3,0.656934306569343,0.18181818181818182,0.0,0.0,0.656934306569343,2.408759124087591,0.43795620437956206,0.656934306569343,0.8759124087591241,0.656934306569343,2.627737226277372,20.364963503649633,0.656934306569343,0.8759124087591241,0.0,0.21897810218978103,0.0,0.0,0.43795620437956206,1.313868613138686,0.8759124087591241,0.656934306569343,0.43795620437956206,CIV,Midfielder,UEFA Europa League,International competitions
Taiwo Awoniyi,Taiwo Awoniyi__22/23,25000000,25,2022,27,1434,53.111111111111114,6.74,64.8,16.7,,0.6903765690376569,0.42857142857142855,0.2857142857142857,0.6276150627615062,0.06276150627615062,2.196652719665272,0.9414225941422594,0.502092050209205,0.6276150627615062,0.06276150627615062,0.4393305439330544,8.912133891213388,0.06276150627615062,0.0,0.0,0.12552301255230125,0.0,0.0,0.3138075313807531,1.0669456066945606,0.2510460251046025,0.18828451882845187,1.2552301255230125,NGR,Forward,Premier League,Domestic leagues
Taiwo Awoniyi,Taiwo Awoniyi__21/22,20000000,24,2021,31,2200,70.96774193548387,6.91,67.2,30.8,30.0,0.6545454545454545,0.47761194029850745,0.22388059701492538,0.6136363636363636,0.04090909090909091,2.7409090909090907,1.309090909090909,0.6545454545454545,1.1045454545454545,0.16363636363636364,1.4318181818181819,12.6,0.16363636363636364,0.12272727272727273,0.0,0.04090909090909091,0.0,0.0,0.32727272727272727,0.45,0.08181818181818182,0.2863636363636364,2.209090909090909,NGR,Forward,Bundesliga,Domestic leagues
Taiwo Awoniyi,Taiwo Awoniyi__20/21,5000000,23,2020,21,1365,65.0,6.62,66.8,46.2,,0.46153846153846156,0.43333333333333335,0.16666666666666666,0.32967032967032966,0.13186813186813187,1.978021978021978,0.8571428571428571,0.5934065934065934,1.3186813186813187,0.06593406593406594,0.8571428571428571,12.725274725274724,0.3956043956043956,0.0,0.0,0.0,0.0,0.0,0.8571428571428571,0.32967032967032966,0.1978021978021978,0.26373626373626374,2.241758241758242,NGR,Forward,Bundesliga,Domestic leagues
Taiwo Awoniyi,Taiwo Awoniyi__19/20,3200000,22,2019,12,478,39.833333333333336,6.55,68.7,33.3,44.4,0.18828451882845187,0.21428571428571427,0.07142857142857142,0.18828451882845187,0.0,2.6359832635983262,0.5648535564853556,0.7531380753138075,0.9414225941422594,0.37656903765690375,1.506276150627615,12.803347280334728,0.37656903765690375,0.7531380753138075,0.18828451882845187,0.18828451882845187,0.0,0.0,0.7531380753138075,0.37656903765690375,0.37656903765690375,0.7531380753138075,2.8242677824267783,NGR,Forward,Bundesliga,Domestic leagues
Taiwo Awoniyi,Taiwo Awoniyi__16/17,400000,19,2016,19,985,51.8421052631579,6.58,72.1,46.2,,0.27411167512690354,0.42105263157894735,0.15789473684210525,0.27411167512690354,0.0,1.736040609137056,0.7309644670050761,0.36548223350253806,1.1878172588832487,0.0,0.8223350253807107,19.370558375634516,0.5482233502538071,0.0,0.0,0.18274111675126903,0.0,0.0,0.18274111675126903,0.9137055837563451,0.18274111675126903,0.36548223350253806,2.649746192893401,NGR,Forward,Eredivisie,Domestic leagues
Taiwo Awoniyi,Taiwo Awoniyi__21/22,20000000,24,2021,6,317,52.833333333333336,6.63,57.6,,,0.5678233438485805,0.4,0.4,0.5678233438485805,0.0,1.4195583596214512,0.5678233438485805,0.28391167192429023,0.28391167192429023,0.0,2.271293375394322,9.652996845425868,0.0,,0.0,0.8517350157728707,0.0,0.0,0.28391167192429023,0.8517350157728707,0.0,0.5678233438485805,1.9873817034700316,NGR,Forward,UEFA Conference League,International competitions
Thomas Partey,Thomas Partey__18/19,50000000,25,2018,32,2064,64.5,7.02,83.8,59.8,29.6,0.30523255813953487,0.19444444444444445,0.08333333333333333,0.1308139534883721,0.1744186046511628,1.569767441860465,0.30523255813953487,0.0436046511627907,0.872093023255814,0.0872093023255814,1.569767441860465,48.48837209302326,3.183139534883721,0.3488372093023256,0.3488372093023256,0.3488372093023256,0.0436046511627907,0.0436046511627907,1.2209302325581395,2.877906976744186,2.136627906976744,0.2180232558139535,1.744186046511628,GHA,Midfielder,LaLiga,Domestic leagues
Thomas Partey,Thomas Partey__17/18,25000000,24,2017,33,2379,72.0909090909091,7.13,83.3,62.9,25.0,0.11349306431273644,0.13636363636363635,0.13636363636363635,0.11349306431273644,0.0,0.832282471626734,0.11349306431273644,0.0,0.4918032786885246,0.0,1.7023959646910467,43.430012610340476,3.5939470365699875,0.18915510718789408,0.37831021437578816,0.22698612862547288,0.0,0.0,1.3619167717528373,3.5939470365699875,2.0050441361916773,0.15132408575031525,1.9293820933165196,GHA,Midfielder,LaLiga,Domestic leagues
Thomas Partey,Thomas Partey__16/17,4500000,23,2016,16,629,39.3125,6.89,83.7,55.9,,0.4292527821939587,0.375,0.125,0.14308426073131955,0.2861685214626391,1.1446740858505564,0.4292527821939587,0.2861685214626391,1.573926868044515,0.2861685214626391,2.0031796502384736,45.50079491255962,2.7186009538950717,0.0,0.2861685214626391,0.7154213036565977,0.0,0.0,1.4308426073131955,2.7186009538950717,2.7186009538950717,0.4292527821939587,2.289348171701113,GHA,Midfielder,LaLiga,Domestic leagues
Thomas Partey,Thomas Partey__15/16,5000000,22,2015,13,433,33.30769230769231,6.94,78.4,76.9,25.0,0.6235565819861432,0.3333333333333333,0.2222222222222222,0.41570438799076215,0.20785219399538107,1.8706697459584296,0.6235565819861432,0.6235565819861432,1.4549653579676673,0.20785219399538107,1.6628175519630486,32.42494226327945,2.0785219399538106,0.41570438799076215,0.20785219399538107,0.6235565819861432,0.0,0.0,0.8314087759815243,4.572748267898383,3.1177829099307157,0.0,1.2471131639722863,GHA,Midfielder,LaLiga,Domestic leagues
Thomas Partey,Thomas Partey__18/19,50000000,25,2018,6,417,69.5,6.97,81.8,60.0,,0.2158273381294964,0.375,0.0,0.0,0.2158273381294964,1.7266187050359711,0.6474820143884892,0.0,0.6474820143884892,0.2158273381294964,1.2949640287769784,46.618705035971225,3.237410071942446,0.0,0.4316546762589928,0.6474820143884892,0.0,0.0,1.5107913669064748,1.7266187050359711,2.3741007194244603,0.4316546762589928,1.2949640287769784,GHA,Midfielder,UEFA Champions League,International competitions
Thomas Partey,Thomas Partey__17/18,25000000,24,2017,6,435,72.5,7.13,89.9,83.3,16.7,0.20689655172413793,0.14285714285714285,0.14285714285714285,0.20689655172413793,0.0,1.4482758620689655,0.20689655172413793,0.0,1.0344827586206897,0.0,1.6551724137931034,55.241379310344826,3.103448275862069,0.20689655172413793,0.41379310344827586,0.20689655172413793,0.0,0.0,2.2758620689655173,1.8620689655172413,1.2413793103448276,0.0,0.6206896551724138,GHA,Midfielder,UEFA Champions League,International competitions
Thomas Partey,Thomas Partey__16/17,4500000,23,2016,6,180,30.0,6.72,82.4,50.0,,0.0,0.0,0.0,0.0,0.0,0.5,0.0,0.0,0.5,0.0,5.0,37.5,2.0,0.0,0.5,0.0,0.0,0.0,4.0,2.5,1.5,0.0,,GHA,Midfielder,UEFA Champions League,International competitions
Thomas Partey,Thomas Partey__15/16,5000000,22,2015,5,47,9.4,6.65,86.7,100.0,,0.0,,,0.0,0.0,,,0.0,0.0,0.0,3.8297872340425534,24.893617021276597,1.9148936170212767,,0.0,0.0,0.0,0.0,0.0,7.659574468085107,0.0,,1.9148936170212767,GHA,Midfielder,UEFA Champions League,International competitions
Thomas Partey,Thomas Partey__17/18,25000000,24,2017,8,476,59.5,7.07,86.0,65.9,,0.18907563025210083,1.0,0.0,0.0,0.18907563025210083,0.5672268907563025,0.5672268907563025,0.0,0.7563025210084033,0.0,0.7563025210084033,58.23529411764706,5.483193277310924,0.0,0.18907563025210083,0.0,0.0,0.0,2.6470588235294117,3.0252100840336134,2.6470588235294117,0.0,1.5126050420168067,GHA,Midfielder,UEFA Europa League,International competitions
Wilfred Ndidi,Wilfred Ndidi__21/22,40000000,25,2021,19,1619,85.21052631578948,6.93,80.2,43.3,,0.0,0.2857142857142857,0.0,0.0,0.0,0.7782581840642372,0.22235948116121063,0.0,0.11117974058060531,0.0,0.6114885731933292,41.41445336627548,1.612106238418777,0.0,0.22235948116121063,0.22235948116121063,0.0,0.0,1.8344657195799876,3.335392217418159,2.3347745521927115,0.2779493514515133,2.3347745521927115,NGR,Midfielder,Premier League,Domestic leagues
Wilfred Ndidi,Wilfred Ndidi__20/21,60000000,24,2020,26,2179,83.8076923076923,7.17,86.9,55.8,,0.2065167508031207,0.0625,0.0625,0.04130335016062414,0.16521340064249657,0.6608536025699863,0.04130335016062414,0.0,0.6608536025699863,0.12391005048187242,0.6608536025699863,51.38136759981643,2.1890775585130795,0.0,0.24782010096374485,0.24782010096374485,0.0,0.0,1.6521340064249657,3.9651216154199176,2.5195043597980726,0.12391005048187242,2.354290959155576,NGR,Midfielder,Premier League,Domestic leagues
Wilfred Ndidi,Wilfred Ndidi__19/20,45000000,23,2019,32,2674,83.5625,7.07,85.1,59.8,,0.10097232610321616,0.11538461538461539,0.07692307692307693,0.06731488406881077,0.033657442034405384,0.87509349289454,0.10097232610321616,0.0,0.5048616305160808,0.0,0.7404637247569185,47.82722513089005,2.6589379207180253,0.0,0.37023186237845923,0.20194465220643232,0.0,0.033657442034405384,1.5482423335826476,4.308152580403889,2.6925953627524306,0.2356020942408377,2.793567688855647,NGR,Midfielder,Premier League,Domestic leagues
Wilfred Ndidi,Wilfred Ndidi__18/19,45000000,22,2018,38,3298,86.78947368421052,7.04,79.9,51.7,,0.0545785324439054,0.16363636363636364,0.03636363636363636,0.0545785324439054,0.0,1.5009096422073984,0.24560339599757428,0.0818677986658581,0.6276531231049121,0.0545785324439054,0.9551243177683445,43.253486961795026,2.456033959975743,0.0,0.2183141297756216,0.2183141297756216,0.0,0.0,1.3371740448756821,3.902365069739236,2.265009096422074,0.3274711946634324,3.5748938750758037,NGR,Midfielder,Premier League,Domestic leagues
Wilfred Ndidi,Wilfred Ndidi__17/18,35000000,21,2017,33,2899,87.84848484848484,6.87,76.1,44.9,11.1,0.09313556398758192,0.14634146341463414,0.0,0.0,0.09313556398758192,1.2728527078302863,0.18627112797516385,0.0,0.40358744394618834,0.0,1.024491203863401,39.73784063470162,2.452569851672991,0.031045187995860642,0.24836150396688514,0.24836150396688514,0.062090375991721285,0.0,2.2973439116936873,4.284235943428769,1.552259399793032,0.434632631942049,3.6633321835115558,NGR,Midfielder,Premier League,Domestic leagues
Wilfred Ndidi,Wilfred Ndidi__16/17,14000000,20,2016,17,1522,89.52941176470588,7.12,75.9,41.2,,0.1773981603153745,0.1935483870967742,0.06451612903225806,0.11826544021024968,0.05913272010512484,1.8331143232588698,0.354796320630749,0.05913272010512484,0.354796320630749,0.05913272010512484,0.7687253613666228,30.92641261498029,1.6557161629434953,0.0,0.1773981603153745,0.0,0.0,0.0,1.8331143232588698,4.021024967148489,2.128777923784494,0.5321944809461235,3.488830486202365,NGR,Midfielder,Premier League,Domestic leagues
Wilfred Ndidi,Wilfred Ndidi__21/22,40000000,25,2021,4,304,76.0,7.1,81.8,50.0,,0.5921052631578947,0.5,0.5,0.29605263157894735,0.29605263157894735,0.5921052631578947,0.29605263157894735,0.0,0.29605263157894735,0.0,0.29605263157894735,39.9671052631579,1.1842105263157894,0.0,0.29605263157894735,0.29605263157894735,0.0,0.0,1.480263157894737,3.2565789473684212,0.5921052631578947,0.0,3.2565789473684212,NGR,Midfielder,UEFA Conference League,International competitions
Wilfred Ndidi,Wilfred Ndidi__21/22,40000000,25,2021,4,302,75.5,6.83,91.0,66.7,,0.2980132450331126,0.3333333333333333,0.3333333333333333,0.2980132450331126,0.0,0.8940397350993378,0.2980132450331126,0.0,0.0,0.0,0.8940397350993378,54.23841059602649,2.980132450331126,0.0,0.0,0.2980132450331126,0.2980132450331126,0.0,2.0860927152317883,3.2781456953642385,2.980132450331126,0.2980132450331126,0.5960264900662252,NGR,Midfielder,UEFA Europa League,International competitions
Wilfred Ndidi,Wilfred Ndidi__20/21,60000000,24,2020,4,299,74.75,6.85,83.6,60.0,,0.0,0.5,0.0,0.0,0.0,0.6020066889632107,0.3010033444816054,0.0,0.903010033444816,0.0,0.3010033444816054,43.04347826086956,1.806020066889632,,0.3010033444816054,0.3010033444816054,0.0,0.0,1.2040133779264215,1.806020066889632,2.709030100334448,0.0,1.2040133779264215,NGR,Midfielder,UEFA Europa League,International competitions
Wilfred Ndidi,Wilfred Ndidi__16/17,14000000,20,2016,6,540,90.0,7.9,79.5,67.2,,0.3333333333333333,0.18181818181818182,0.18181818181818182,0.3333333333333333,0.0,1.8333333333333333,0.3333333333333333,0.0,0.5,0.0,0.16666666666666666,45.833333333333336,6.5,,0.5,0.16666666666666666,0.0,0.0,0.8333333333333334,7.0,4.833333333333333,0.8333333333333334,3.3333333333333335,NGR,Midfielder,UEFA Europa League,International competitions
Wilfred Ndidi,Wilfred Ndidi__16/17,14000000,20,2016,4,360,90.0,6.93,77.9,50.0,,0.0,0.3333333333333333,0.0,0.0,0.0,0.75,0.25,0.0,0.25,0.0,0.25,27.25,1.5,,0.25,0.25,0.0,0.0,1.0,2.5,2.75,0.0,4.0,NGR,Midfielder,UEFA Champions League,International competitions
Willy Boly,Willy Boly__16/17,4000000,25,2016,7,630,90.0,7.19,86.0,48.9,,0.0,0.0,0.0,0.0,0.0,0.14285714285714285,0.0,0.0,0.14285714285714285,0.0,0.2857142857142857,48.285714285714285,3.142857142857143,,0.5714285714285714,0.0,0.0,0.0,0.0,1.4285714285714286,1.8571428571428572,0.0,2.2857142857142856,CIV,Defender,Liga Portugal Betclic,Domestic leagues
Willy Boly,Willy Boly__15/16,1000000,24,2015,22,1869,84.95454545454545,7.24,86.0,48.4,,0.14446227929373998,0.3333333333333333,0.2222222222222222,0.09630818619582665,0.048154093097913325,0.4333868378812199,0.14446227929373998,0.048154093097913325,0.24077046548956663,0.048154093097913325,0.3852327447833066,48.68378812199037,2.841091492776886,,0.48154093097913325,0.33707865168539325,0.09630818619582665,0.0,0.33707865168539325,1.492776886035313,2.792937399678973,0.048154093097913325,2.937399678972713,CIV,Defender,Liga Portugal Betclic,Domestic leagues
Willy Boly,Willy Boly__15/16,1000000,24,2015,12,1053,87.75,7.14,86.2,45.7,,0.0,0.0,0.0,0.0,0.0,0.42735042735042733,0.0,0.17094017094017094,0.17094017094017094,0.0,0.5128205128205128,45.81196581196581,2.735042735042735,,0.2564102564102564,0.08547008547008547,0.0,0.0,0.0,1.0256410256410255,3.247863247863248,0.17094017094017094,2.5641025641025643,CIV,Defender,UEFA Europa League,International competitions
Willy Boly,Willy Boly__16/17,4000000,25,2016,1,45,45.0,6.8,95.5,50.0,,0.0,,,0.0,0.0,,,0.0,0.0,0.0,0.0,42.0,2.0,,0.0,0.0,0.0,0.0,0.0,2.0,0.0,,,CIV,Defender,UEFA Champions League,International competitions
Woyo Coulibaly,Woyo Coulibaly__24/25,2000000,25,2024,4,107,26.75,6.63,84.1,100.0,,0.0,0.5,0.0,0.0,0.0,1.6822429906542056,0.8411214953271028,0.0,0.0,0.0,0.0,31.121495327102803,3.364485981308411,,0.0,0.8411214953271028,0.0,0.0,0.0,5.046728971962617,4.205607476635514,0.0,,MLI,Defender,Premier League,Domestic leagues
Woyo Coulibaly,Woyo Coulibaly__24/25,2000000,25,2024,14,1085,77.5,6.6,88.4,40.0,,0.08294930875576037,0.0,0.0,0.0,0.08294930875576037,0.2488479262672811,0.0,0.0,0.663594470046083,0.16589861751152074,0.663594470046083,37.824884792626726,0.663594470046083,0.0,0.0,0.08294930875576037,0.08294930875576037,0.0,0.4976958525345622,1.0783410138248848,0.663594470046083,0.08294930875576037,0.7465437788018433,MLI,Defender,Serie A,Domestic leagues
Woyo Coulibaly,Woyo Coulibaly__23/24,2000000,24,2023,26,1887,72.57692307692308,6.85,89.0,51.9,21.1,0.09538950715421304,0.125,0.0,0.0,0.09538950715421304,0.3815580286168522,0.04769475357710652,0.09538950715421304,0.7631160572337043,0.04769475357710652,0.9538950715421304,39.87281399046105,1.287758346581876,0.1907790143084261,0.1907790143084261,0.1907790143084261,0.04769475357710652,0.0,0.3338632750397456,1.8124006359300477,1.287758346581876,0.1907790143084261,1.287758346581876,MLI,Defender,Serie B,Domestic leagues
Woyo Coulibaly,Woyo Coulibaly__22/23,750000,23,2022,20,1007,50.35,6.77,87.4,50.0,18.8,0.17874875868917578,0.4444444444444444,0.1111111111111111,0.08937437934458789,0.08937437934458789,0.8043694141012909,0.35749751737835156,0.08937437934458789,0.4468718967229394,0.08937437934458789,1.4299900695134062,34.05163853028798,1.1618669314796426,0.26812313803376364,0.17874875868917578,0.5362462760675273,0.0,0.0,0.35749751737835156,2.234359483614697,1.6087388282025818,0.08937437934458789,1.3406156901688182,MLI,Defender,Serie B,Domestic leagues
Woyo Coulibaly,Woyo Coulibaly__21/22,1000000,22,2021,22,1276,58.0,6.65,84.3,48.0,8.7,0.0,0.0,0.0,0.0,0.0,0.07053291536050156,0.0,0.0,0.7758620689655172,0.07053291536050156,1.5517241379310345,31.739811912225704,0.8463949843260188,0.14106583072100312,0.07053291536050156,0.4231974921630094,0.0,0.0,0.6347962382445141,2.6802507836990594,1.128526645768025,0.0,1.128526645768025,MLI,Defender,Serie B,Domestic leagues
Woyo Coulibaly,Woyo Coulibaly__21/22,1000000,22,2021,2,37,18.5,6.6,78.9,50.0,,0.0,,,0.0,0.0,,,0.0,2.4324324324324325,0.0,0.0,36.486486486486484,2.4324324324324325,0.0,0.0,0.0,0.0,0.0,2.4324324324324325,2.4324324324324325,2.4324324324324325,,,MLI,Defender,Ligue 2,Domestic leagues
Woyo Coulibaly,Woyo Coulibaly__20/21,1000000,21,2020,26,2112,81.23076923076923,6.74,85.6,59.6,18.6,0.04261363636363636,0.2857142857142857,0.0,0.0,0.04261363636363636,0.29829545454545453,0.08522727272727272,0.0,0.7244318181818182,0.08522727272727272,0.6818181818181818,32.72727272727273,1.4488636363636365,0.3409090909090909,0.3409090909090909,0.1278409090909091,0.0,0.0,0.7244318181818182,1.7897727272727273,1.4488636363636365,0.04261363636363636,0.7244318181818182,MLI,Defender,Ligue 2,Domestic leagues
Woyo Coulibaly,Woyo Coulibaly__19/20,350000,20,2019,11,612,55.63636363636363,6.55,80.6,52.0,16.7,0.0,0.25,0.0,0.0,0.0,0.5882352941176471,0.14705882352941177,0.0,0.14705882352941177,0.0,1.0294117647058822,25.0,1.911764705882353,0.29411764705882354,0.0,0.14705882352941177,0.0,0.0,0.5882352941176471,2.7941176470588234,1.4705882352941178,0.14705882352941177,0.29411764705882354,MLI,Defender,Ligue 2,Domestic leagues
Yoane Wissa,Yoane Wissa__21/22,12000000,25,2021,30,1285,42.833333333333336,6.82,68.1,55.6,9.1,0.5603112840466926,0.40625,0.21875,0.490272373540856,0.07003891050583658,2.2412451361867705,0.9105058365758755,0.14007782101167315,0.6303501945525292,0.0,1.3307392996108949,13.027237354085603,0.35019455252918286,0.07003891050583658,0.07003891050583658,0.0,0.0,0.0,1.0505836575875487,0.8404669260700389,0.5603112840466926,0.42023346303501946,1.4007782101167314,COD,Forward,Premier League,Domestic leagues
Yoane Wissa,Yoane Wissa__20/21,10000000,24,2020,38,2682,70.57894736842105,6.91,76.4,40.0,6.9,0.4697986577181208,0.40350877192982454,0.17543859649122806,0.33557046979865773,0.1342281879194631,1.912751677852349,0.7718120805369127,0.40268456375838924,0.9731543624161074,0.16778523489932887,1.8456375838926173,18.288590604026847,0.5369127516778524,0.06711409395973154,0.03355704697986577,0.06711409395973154,0.0,0.0,0.7718120805369127,1.174496644295302,0.6711409395973155,0.5704697986577181,1.6442953020134228,COD,Forward,Ligue 1,Domestic leagues
Yoane Wissa,Yoane Wissa__19/20,2400000,23,2019,28,2124,75.85714285714286,7.11,77.5,43.5,26.7,0.7203389830508474,0.5901639344262295,0.2459016393442623,0.635593220338983,0.0847457627118644,2.5847457627118646,1.5254237288135593,0.3389830508474576,0.8898305084745762,0.1271186440677966,1.4830508474576272,15.76271186440678,0.423728813559322,0.1694915254237288,0.0847457627118644,0.211864406779661,0.0423728813559322,0.0,0.423728813559322,0.8898305084745762,0.8898305084745762,0.2542372881355932,1.1864406779661016,COD,Forward,Ligue 2,Domestic leagues
Yoane Wissa,Yoane Wissa__18/19,1500000,22,2018,36,2106,58.5,6.86,74.6,33.3,,0.42735042735042733,0.4,0.12,0.2564102564102564,0.17094017094017094,2.1367521367521367,0.8547008547008547,0.38461538461538464,1.0256410256410255,0.2564102564102564,1.1538461538461537,15.2991452991453,0.3418803418803419,0.0,0.08547008547008547,0.21367521367521367,0.0,0.0,0.38461538461538464,1.1111111111111112,0.5128205128205128,0.21367521367521367,0.8547008547008547,COD,Forward,Ligue 2,Domestic leagues
Yoane Wissa,Yoane Wissa__17/18,1500000,21,2017,35,2581,73.74285714285715,6.99,71.8,29.2,16.7,0.5230530802014723,0.36065573770491804,0.19672131147540983,0.41844246416117786,0.10461061604029447,2.127082526152654,0.7671445176288261,0.20922123208058893,0.8717551336691205,0.10461061604029447,1.6737698566447115,13.111197210383573,0.24409143742735373,0.10461061604029447,0.13948082138705928,0.20922123208058893,0.03487020534676482,0.0,0.5230530802014723,0.9066253390158853,0.7671445176288261,0.38357225881441304,1.2204571871367687,COD,Forward,Ligue 2,Domestic leagues
Yoane Wissa,Yoane Wissa__16/17,300000,20,2016,15,1070,71.33333333333333,6.85,68.3,33.3,14.3,0.2523364485981308,0.2692307692307692,0.07692307692307693,0.16822429906542055,0.08411214953271028,2.1869158878504673,0.5887850467289719,0.16822429906542055,0.7570093457943925,0.16822429906542055,2.439252336448598,12.532710280373832,0.3364485981308411,0.08411214953271028,0.0,0.2523364485981308,0.0,0.0,0.6728971962616822,1.514018691588785,0.2523364485981308,0.6728971962616822,1.514018691588785,COD,Forward,Ligue 2,Domestic leagues
Yves Bissouma,Yves Bissouma__21/22,35000000,25,2021,26,2116,81.38461538461539,7.07,89.2,61.1,,0.1275992438563327,0.23809523809523808,0.047619047619047616,0.04253308128544423,0.08506616257088846,0.8931947069943289,0.21266540642722118,0.04253308128544423,0.3827977315689981,0.08506616257088846,1.446124763705104,45.04253308128544,1.8714555765595464,0.0,0.2551984877126654,0.42533081285444235,0.0,0.0,0.6805293005671077,3.232514177693762,2.126654064272212,0.21266540642722118,0.6805293005671077,MLI,Midfielder,Premier League,Domestic leagues
Yves Bissouma,Yves Bissouma__20/21,25000000,24,2020,36,3111,86.41666666666667,7.07,87.4,56.8,14.3,0.02892960462873674,0.07142857142857142,0.023809523809523808,0.02892960462873674,0.0,1.2150433944069432,0.08678881388621022,0.0,0.46287367405978785,0.02892960462873674,1.5332690453230473,42.58437801350048,2.1697203471552555,0.02892960462873674,0.26036644165863065,0.23143683702989393,0.02892960462873674,0.0,0.9836065573770492,3.008678881388621,1.8514946962391514,0.3471552555448409,1.099324975891996,MLI,Midfielder,Premier League,Domestic leagues
Yves Bissouma,Yves Bissouma__19/20,9500000,23,2019,22,1265,57.5,6.77,85.0,58.3,16.7,0.07114624505928854,0.4375,0.0625,0.07114624505928854,0.0,1.1383399209486167,0.4980237154150198,0.0,0.2845849802371542,0.0,2.2766798418972334,37.42292490118577,2.4901185770750986,0.07114624505928854,0.07114624505928854,0.2845849802371542,0.0,0.0,1.6363636363636365,3.486166007905138,1.4940711462450593,0.1422924901185771,1.209486166007905,MLI,Midfielder,Premier League,Domestic leagues
Yves Bissouma,Yves Bissouma__18/19,15000000,22,2018,28,1768,63.142857142857146,6.7,81.8,45.3,25.0,0.0,0.0967741935483871,0.0,0.0,0.0,1.5780542986425339,0.15271493212669685,0.10180995475113122,0.6617647058823529,0.05090497737556561,2.3925339366515836,29.779411764705884,1.2217194570135748,0.10180995475113122,0.05090497737556561,0.25452488687782804,0.0,0.05090497737556561,0.916289592760181,3.1561085972850678,1.6798642533936652,0.4581447963800905,1.3744343891402715,MLI,Midfielder,Premier League,Domestic leagues
Yves Bissouma,Yves Bissouma__17/18,8000000,21,2017,24,1555,64.79166666666667,7.05,85.0,61.0,25.0,0.17363344051446947,0.14634146341463414,0.04878048780487805,0.1157556270096463,0.05787781350482315,2.372990353697749,0.34726688102893893,0.05787781350482315,0.6366559485530546,0.05787781350482315,3.1832797427652735,48.38585209003215,2.720257234726688,0.1157556270096463,0.05787781350482315,0.17363344051446947,0.0,0.0,1.157556270096463,3.877813504823151,1.7363344051446945,0.8681672025723473,1.2733118971061093,MLI,Midfielder,Ligue 1,Domestic leagues
Yves Bissouma,Yves Bissouma__16/17,800000,20,2016,23,752,32.69565217391305,6.8,78.6,56.3,37.5,0.1196808510638298,0.10526315789473684,0.05263157894736842,0.1196808510638298,0.0,2.273936170212766,0.2393617021276596,0.0,1.3164893617021276,0.0,3.5904255319148937,38.1781914893617,2.154255319148936,0.35904255319148937,0.0,0.4787234042553192,0.1196808510638298,0.0,1.077127659574468,4.787234042553192,1.4361702127659575,1.3164893617021276,1.7952127659574468,MLI,Midfielder,Ligue 1,Domestic leagues
